manufacturer_name,product_name,price,price_date
Hauck-Harber,"Product 1",21.5,2026-04-23
"Crooks and Sons","Product 2",7.3,2025-06-13
"Crooks and Sons","Product 2",87.58,2025-05-11
Simonis-Turner,"Product 3",36.6,2025-06-01
Simonis-Turner,"Product 3",78.04,2025-09-21
Simonis-Turner,"Product 3",9.72,2026-04-23
Simonis-Turner,"Product 3",56.38,2026-04-20
Simonis-Turner,"Product 3",20.94,2026-04-20
Krajcik-Kerluke,"Product 4",16.9,2026-04-23
Krajcik-Kerluke,"Product 4",89.98,2026-04-20
Krajcik-Kerluke,"Product 4",87.35,2026-04-20
"Feest PLC","Product 5",7.03,2025-07-25
"Feest PLC","Product 5",29.97,2025-03-27
"Price Ltd","Product 6",56.5,2025-07-06
"Price Ltd","Product 6",34.72,2025-03-01
"Price Ltd","Product 6",98.1,2026-04-20
"Price Ltd","Product 6",21.19,2026-04-20
"Kub Ltd","Product 7",37.29,2026-04-23
"Ondricka LLC","Product 8",9.32,2025-05-16
"Ondricka LLC","Product 8",50.99,2025-02-16
"Ondricka LLC","Product 8",38.31,2026-04-23
"Ondricka LLC","Product 8",98.74,2026-04-20
"Ondricka LLC","Product 9",39.84,2026-04-23
"Ondricka LLC","Product 9",71.12,2026-04-20
"Ondricka LLC","Product 9",39.23,2026-04-20
Torphy-Lowe,"Product 10",88.74,2025-01-02
Torphy-Lowe,"Product 10",43.28,2025-03-10
Torphy-Lowe,"Product 10",24.1,2026-04-23
Torphy-Lowe,"Product 10",99.1,2026-04-20
Olson-Walsh,"Product 11",39.41,2025-12-01
Olson-Walsh,"Product 11",3.76,2025-12-13
Olson-Walsh,"Product 11",44.77,2026-04-23
Olson-Walsh,"Product 11",18.57,2026-04-20
Olson-Walsh,"Product 11",76.63,2026-04-20
"Sanford, Beahan and Howell","Product 12",6.74,2025-02-20
"Sanford, Beahan and Howell","Product 12",23.62,2026-04-20
"Sanford, Beahan and Howell","Product 12",50.1,2026-04-20
"Feest PLC","Product 13",47.35,2026-04-20
"Feest PLC","Product 13",65.7,2026-04-20
"Thiel, Kirlin and Quigley","Product 14",86.93,2025-10-14
"Thiel, Kirlin and Quigley","Product 14",22.72,2025-11-09
"Thiel, Kirlin and Quigley","Product 14",59.11,2026-04-20
"Hackett, Willms and Zieme","Product 15",42.18,2025-12-16
"Hackett, Willms and Zieme","Product 15",25.44,2026-04-20
"Hackett, Willms and Zieme","Product 15",60.69,2026-04-20
Johnston-Herman,"Product 18",97.01,2026-04-20
Johnston-Herman,"Product 18",31.1,2026-04-20
"Price Ltd","Product 19",47.59,2026-04-23
"Price Ltd","Product 19",97.03,2026-04-20
"Price Ltd","Product 19",94.45,2026-04-20
Olson-Walsh,"Product 20",84.34,2026-04-23
Olson-Walsh,"Product 20",99.5,2026-04-20
Olson-Walsh,"Product 20",44.79,2026-04-20
Olson-Walsh,"Product 21",75.65,2026-04-23
Olson-Walsh,"Product 21",31.46,2026-04-20
"Schamberger and Sons","Product 22",37.75,2026-04-20
"Ondricka and Sons","Product 23",21.64,2025-04-23
"Ondricka and Sons","Product 23",71.25,2026-04-20
"Kub Ltd","Product 24",97.46,2025-01-06
"Kub Ltd","Product 24",25.3,2025-10-25
"Kub Ltd","Product 24",73.98,2026-04-20
"Kub Ltd","Product 24",85.81,2026-04-20
Windler-Gleichner,"Product 25",85.94,2026-04-20
Windler-Gleichner,"Product 25",5.19,2026-04-20
"Thiel, Kirlin and Quigley","Product 27",9.98,2025-02-23
"Thiel, Kirlin and Quigley","Product 27",24.98,2025-02-16
"Thiel, Kirlin and Quigley","Product 27",38.22,2026-04-23
"Ondricka, Rice and Homenick","Product 28",30.39,2025-12-01
"Ondricka, Rice and Homenick","Product 28",3.89,2025-12-02
"Dietrich, Kirlin and Nikolaus","Product 30",51.92,2025-07-16
"Dietrich, Kirlin and Nikolaus","Product 30",25.66,2025-06-27
"Dietrich, Kirlin and Nikolaus","Product 30",42.71,2026-04-23
"Dietrich, Kirlin and Nikolaus","Product 30",27.59,2026-04-20
"Feest PLC","Product 31",7.55,2026-04-23
"Feest PLC","Product 31",24.99,2026-04-20
"Feest PLC","Product 31",63.54,2026-04-20
"Hackett, Crooks and Bernier","Product 32",39.91,2025-08-16
"Hackett, Crooks and Bernier","Product 32",92.73,2025-07-21
"Hackett, Crooks and Bernier","Product 32",30.62,2026-04-23
"Hackett, Crooks and Bernier","Product 32",71.93,2026-04-20
"Davis, Bogan and Dicki","Product 33",35.28,2025-07-01
"Hackett, Willms and Zieme","Product 35",41.89,2026-04-20
"Hackett, Willms and Zieme","Product 35",66.36,2026-04-20
"Yundt, Hamill and Volkman","Product 36",91.86,2025-05-18
"Stiedemann, Feeney and Quigley","Product 37",28.31,2026-04-23
"Hackett, Willms and Zieme","Product 38",10.23,2026-04-20
"Hackett, Willms and Zieme","Product 38",42.59,2026-04-20
Mante-Boyer,"Product 39",44.12,2025-05-02
Mante-Boyer,"Product 39",57.05,2025-07-05
"Kub Ltd","Product 40",70.17,2025-03-12
"Kub Ltd","Product 40",58.26,2025-01-27
"Kub Ltd","Product 40",79.9,2026-04-23
"Kub Ltd","Product 40",59.82,2026-04-20
"Davis, Bogan and Dicki","Product 41",83,2026-04-20
"Larkin, Kuvalis and Blanda","Product 42",28.01,2026-04-23
Wehner-Rempel,"Product 43",54.44,2025-07-16
Wehner-Rempel,"Product 43",40.89,2026-04-23
Maggio-Gaylord,"Product 44",34.88,2025-07-28
Maggio-Gaylord,"Product 44",53.22,2025-10-04
Maggio-Gaylord,"Product 44",21.11,2026-04-23
Maggio-Gaylord,"Product 44",11.35,2026-04-20
"Ondricka and Sons","Product 45",64.72,2025-10-22
"Ondricka and Sons","Product 45",76.64,2025-07-06
"Ondricka and Sons","Product 45",62.94,2026-04-23
"Ondricka and Sons","Product 45",78.57,2026-04-20
"Ondricka and Sons","Product 45",25.88,2026-04-20
"Yundt, Hamill and Volkman","Product 46",22.63,2025-11-12
"Yundt, Hamill and Volkman","Product 46",63.37,2026-04-23
"Yundt, Hamill and Volkman","Product 46",46.65,2026-04-20
"Yundt, Hamill and Volkman","Product 46",79.54,2026-04-20
"Roob, Hudson and Lehner","Product 47",73.72,2026-04-23
"Roob, Hudson and Lehner","Product 47",73.05,2026-04-20
"Rice, Paucek and Kohler","Product 48",41.45,2025-06-19
"Rice, Paucek and Kohler","Product 48",53.16,2025-12-11
"Rice, Paucek and Kohler","Product 48",3.7,2026-04-20
"Rice, Paucek and Kohler","Product 48",72.73,2026-04-20
"Price Ltd","Product 49",99.22,2025-04-05
"Price Ltd","Product 49",69.67,2026-04-23
"Price Ltd","Product 49",8.8,2026-04-20
"Price Ltd","Product 49",5.32,2026-04-20
"Rice, Paucek and Kohler","Product 50",26.97,2026-04-23
"Altenwerth LLC","Product 51",47.46,2025-02-03
"Altenwerth LLC","Product 51",97.04,2025-02-03
"Altenwerth LLC","Product 51",42.29,2026-04-20
"Altenwerth LLC","Product 51",62.55,2026-04-20
"Kemmer, Gerlach and Becker","Product 52",87.1,2025-09-14
"Kemmer, Gerlach and Becker","Product 52",75.02,2025-03-13
"Kemmer, Gerlach and Becker","Product 52",67.72,2026-04-23
"Kemmer, Gerlach and Becker","Product 52",24.53,2026-04-20
"Kemmer, Gerlach and Becker","Product 52",95.48,2026-04-20
"Kub Ltd","Product 53",49.26,2025-04-25
Koss-Altenwerth,"Product 54",19.78,2025-01-04
"Ondricka LLC","Product 56",94.42,2025-04-24
"Ondricka LLC","Product 56",88.46,2025-03-02
"Ondricka LLC","Product 56",50.27,2026-04-23
"Ondricka LLC","Product 56",31.53,2026-04-20
"Harris Ltd","Product 57",97.43,2025-05-05
"Harris Ltd","Product 57",4.94,2025-05-04
"Harris Ltd","Product 57",50.97,2026-04-20
"Davis, Bogan and Dicki","Product 58",60.1,2025-03-15
"Davis, Bogan and Dicki","Product 58",94.75,2025-06-12
"Williamson Ltd","Product 59",9.43,2025-02-24
"Williamson Ltd","Product 59",70.09,2026-04-23
"Williamson Ltd","Product 59",79.01,2026-04-20
"Larkin, Kuvalis and Blanda","Product 60",47.34,2025-06-02
"Larkin, Kuvalis and Blanda","Product 60",76.45,2025-10-02
"Larkin, Kuvalis and Blanda","Product 60",23.69,2026-04-20
"Dietrich, Kirlin and Nikolaus","Product 61",25.78,2025-04-05
"Dietrich, Kirlin and Nikolaus","Product 61",69.76,2025-08-15
"Dietrich, Kirlin and Nikolaus","Product 61",17.03,2026-04-23
"Dietrich, Kirlin and Nikolaus","Product 61",86.13,2026-04-20
"Dietrich, Kirlin and Nikolaus","Product 61",51.89,2026-04-20
Mante-Boyer,"Product 62",51.46,2025-09-05
Krajcik-Kerluke,"Product 63",69.22,2025-06-17
Krajcik-Kerluke,"Product 63",81.85,2025-02-15
Krajcik-Kerluke,"Product 63",19.28,2026-04-23
Krajcik-Kerluke,"Product 63",18.83,2026-04-20
Krajcik-Kerluke,"Product 63",22.07,2026-04-20
"Crooks and Sons","Product 64",30.96,2026-04-20
"Ondricka, Rice and Homenick","Product 65",13.61,2026-04-20
"Roob, Hudson and Lehner","Product 66",71.79,2025-10-21
"Roob, Hudson and Lehner","Product 66",51.91,2026-04-20
"Roob, Hudson and Lehner","Product 66",75.42,2026-04-20
Flatley-Labadie,"Product 67",64.04,2025-10-19
Flatley-Labadie,"Product 67",38.34,2025-06-07
Flatley-Labadie,"Product 67",90.55,2026-04-23
Flatley-Labadie,"Product 67",30.43,2026-04-20
Flatley-Labadie,"Product 67",32.76,2026-04-20
"Auer Ltd","Product 68",26.17,2025-12-15
"Auer Ltd","Product 68",2.04,2025-10-15
"Auer Ltd","Product 68",15.33,2026-04-23
"Auer Ltd","Product 68",15.37,2026-04-20
Kshlerin-Von,"Product 69",45.88,2026-04-20
Kshlerin-Von,"Product 69",13.27,2026-04-20
Koss-Altenwerth,"Product 70",24.46,2025-06-22
Koss-Altenwerth,"Product 70",94.45,2026-04-23
Koss-Altenwerth,"Product 70",45.56,2026-04-20
Koss-Altenwerth,"Product 70",67.49,2026-04-20
Koss-Altenwerth,"Product 71",76.08,2026-04-20
"McCullough, Waters and Shields","Product 72",14.88,2025-10-26
"McCullough, Waters and Shields","Product 72",59.18,2026-04-23
"Crooks and Sons","Product 73",49.38,2025-09-14
"Crooks and Sons","Product 73",95.49,2026-04-20
"Crooks and Sons","Product 73",94.28,2026-04-20
"Yost Inc","Product 74",37.25,2026-04-23
"Williamson Ltd","Product 75",88.56,2026-04-20
"Kemmer, Gerlach and Becker","Product 76",82.21,2025-08-06
"Kemmer, Gerlach and Becker","Product 76",89.76,2025-04-04
"Kemmer, Gerlach and Becker","Product 76",54.14,2026-04-20
"Kemmer, Gerlach and Becker","Product 76",18.29,2026-04-20
"Kub Ltd","Product 77",44.8,2025-11-14
"Kub Ltd","Product 77",33.29,2026-04-23
"Kub Ltd","Product 77",49.99,2026-04-20
"Kub Ltd","Product 77",26.6,2026-04-20
"Rice, Paucek and Kohler","Product 78",65.14,2025-01-04
"Rice, Paucek and Kohler","Product 78",89.61,2025-08-18
"Rice, Paucek and Kohler","Product 78",6.94,2026-04-23
"Crooks and Sons","Product 79",13.69,2025-09-26
"Crooks and Sons","Product 79",41.57,2025-01-25
"Crooks and Sons","Product 79",5.53,2026-04-23
"Crooks and Sons","Product 79",9.96,2026-04-20
"Crooks and Sons","Product 79",17.5,2026-04-20
Kshlerin-Von,"Product 80",83.74,2025-01-08
Kshlerin-Von,"Product 80",59.16,2026-04-23
Kshlerin-Von,"Product 80",4.39,2026-04-20
Krajcik-Kerluke,"Product 81",38.2,2025-07-27
Krajcik-Kerluke,"Product 81",97.63,2026-04-23
Krajcik-Kerluke,"Product 81",90.56,2026-04-20
"Davis, Bogan and Dicki","Product 82",47.46,2025-09-11
"Davis, Bogan and Dicki","Product 82",82.75,2025-09-18
"Davis, Bogan and Dicki","Product 82",91.46,2026-04-23
"Davis, Bogan and Dicki","Product 82",56.67,2026-04-20
"Davis, Bogan and Dicki","Product 82",57.83,2026-04-20
"Bernhard, Glover and Mayert","Product 84",80.74,2026-04-20
"Rice, Paucek and Kohler","Product 85",22.41,2026-04-23
"Davis, Bogan and Dicki","Product 86",79.47,2025-12-05
"Davis, Bogan and Dicki","Product 86",9.85,2025-06-04
"Davis, Bogan and Dicki","Product 86",28.82,2026-04-23
"Price Ltd","Product 87",40.39,2026-04-23
"Larkin, Kuvalis and Blanda","Product 88",52.33,2025-04-25
"Larkin, Kuvalis and Blanda","Product 88",38.85,2025-08-05
"Larkin, Kuvalis and Blanda","Product 88",49.51,2026-04-20
"Larkin, Kuvalis and Blanda","Product 89",85.75,2026-04-23
"Larkin, Kuvalis and Blanda","Product 89",99.04,2026-04-20
"Davis, Bogan and Dicki","Product 90",28.83,2025-08-07
"Davis, Bogan and Dicki","Product 90",98.79,2025-06-15
"Davis, Bogan and Dicki","Product 90",75.53,2026-04-23
"Davis, Bogan and Dicki","Product 90",56.45,2026-04-20
"Davis, Bogan and Dicki","Product 90",84.47,2026-04-20
"Yost Inc","Product 91",17.28,2025-08-15
"Yost Inc","Product 91",25.23,2025-06-26
Torphy-Lowe,"Product 92",63.91,2026-04-20
Torphy-Lowe,"Product 92",90.21,2026-04-20
"Kuvalis, Yundt and Swift","Product 93",88.53,2025-08-04
"Kuvalis, Yundt and Swift","Product 93",71.86,2025-05-17
"Kuvalis, Yundt and Swift","Product 93",84.51,2026-04-23
"Kuvalis, Yundt and Swift","Product 93",53.77,2026-04-20
"Kuvalis, Yundt and Swift","Product 93",55.06,2026-04-20
"Yost Inc","Product 94",29.37,2025-04-08
"Kemmer, Gerlach and Becker","Product 95",39.39,2025-09-02
"Kemmer, Gerlach and Becker","Product 95",57.97,2025-12-01
"Kemmer, Gerlach and Becker","Product 95",38.84,2026-04-20
Windler-Gleichner,"Product 96",14.07,2025-07-25
"Kemmer, Gerlach and Becker","Product 97",37.4,2025-12-20
"Kemmer, Gerlach and Becker","Product 97",98.54,2026-04-23
"Kemmer, Gerlach and Becker","Product 97",54.16,2026-04-20
"Kemmer, Gerlach and Becker","Product 97",37.38,2026-04-20
"Stiedemann, Feeney and Quigley","Product 98",27.8,2025-10-05
"Stiedemann, Feeney and Quigley","Product 98",17.34,2026-04-23
"Stiedemann, Feeney and Quigley","Product 98",62.09,2026-04-20
"Dietrich, Kirlin and Nikolaus","Product 99",77.83,2026-04-20
Maggio-Gaylord,"Product 100",70.41,2025-02-03
Maggio-Gaylord,"Product 100",88.12,2025-11-06
Maggio-Gaylord,"Product 100",77.75,2026-04-23
"Larkin, Kuvalis and Blanda","Product 101",23.93,2026-04-23
"Rice, Paucek and Kohler","Product 102",25.26,2025-08-09
"Rice, Paucek and Kohler","Product 102",70.82,2026-04-20
"Larkin, Kuvalis and Blanda","Product 103",92.11,2025-02-02
"Larkin, Kuvalis and Blanda","Product 103",86.47,2025-11-21
Krajcik-Kerluke,"Product 104",15.58,2025-02-23
Krajcik-Kerluke,"Product 104",21.3,2025-05-01
Krajcik-Kerluke,"Product 104",5.65,2026-04-23
Krajcik-Kerluke,"Product 104",6.99,2026-04-20
"Bernhard, Glover and Mayert","Product 105",9.41,2025-03-17
"Bernhard, Glover and Mayert","Product 105",56.18,2026-04-23
"Kuvalis, Yundt and Swift","Product 106",33.81,2025-07-15
"Kuvalis, Yundt and Swift","Product 106",82.36,2026-04-23
Mante-Boyer,"Product 107",13.13,2026-04-20
Reichert-Kautzer,"Product 108",22.38,2026-04-20
Reichert-Kautzer,"Product 108",54.41,2026-04-20
Olson-Walsh,"Product 109",61.05,2026-04-23
Olson-Walsh,"Product 109",64.44,2026-04-20
Mante-Boyer,"Product 110",71.21,2025-12-09
Mante-Boyer,"Product 110",27.08,2026-04-20
"Goodwin Ltd","Product 111",40.89,2025-01-14
"Ondricka and Sons","Product 112",51.43,2026-04-23
"Kemmer, Gerlach and Becker","Product 113",41.01,2025-12-20
"Kemmer, Gerlach and Becker","Product 113",68.83,2025-09-28
"Crooks and Sons","Product 114",44.76,2025-10-13
"Crooks and Sons","Product 114",34.62,2026-04-20
"Crooks and Sons","Product 114",45.94,2026-04-20
"Sanford, Beahan and Howell","Product 115",62.72,2025-08-23
"Sanford, Beahan and Howell","Product 115",41.94,2026-04-20
"Sanford, Beahan and Howell","Product 115",25.17,2026-04-20
"Hackett, Willms and Zieme","Product 116",73.5,2026-04-20
"Goodwin Ltd","Product 117",37.86,2025-12-22
"Goodwin Ltd","Product 117",9.64,2026-04-23
Windler-Gleichner,"Product 118",71.64,2025-02-11
Windler-Gleichner,"Product 118",92.43,2025-05-06
Windler-Gleichner,"Product 118",26.73,2026-04-23
"Nitzsche, Stark and Reilly","Product 119",33.15,2025-02-19
"Nitzsche, Stark and Reilly","Product 119",9.19,2025-03-07
"Nitzsche, Stark and Reilly","Product 119",20.11,2026-04-23
"Nitzsche, Stark and Reilly","Product 119",71.77,2026-04-20
Simonis-Turner,"Product 120",71.62,2025-08-14
Simonis-Turner,"Product 120",2.27,2025-05-26
Simonis-Turner,"Product 120",9.53,2026-04-23
Simonis-Turner,"Product 120",89.11,2026-04-20
Kozey-Donnelly,"Product 121",65.37,2025-04-17
Kozey-Donnelly,"Product 121",28.82,2025-09-15
Kozey-Donnelly,"Product 121",38.36,2026-04-20
Kozey-Donnelly,"Product 121",46.6,2026-04-20
"Davis, Bogan and Dicki","Product 122",52.59,2025-02-02
"Davis, Bogan and Dicki","Product 122",77.64,2025-08-16
"Davis, Bogan and Dicki","Product 122",3.98,2026-04-20
"Yost Inc","Product 123",10.44,2025-02-01
"Yost Inc","Product 123",44.45,2025-02-23
Torphy-Lowe,"Product 124",35.84,2025-09-09
Torphy-Lowe,"Product 124",19.42,2025-11-16
Torphy-Lowe,"Product 124",49.83,2026-04-23
"Kuvalis, Yundt and Swift","Product 125",90.64,2025-08-17
"Kuvalis, Yundt and Swift","Product 125",95.83,2025-05-01
"Kuvalis, Yundt and Swift","Product 125",2.62,2026-04-23
"Kuvalis, Yundt and Swift","Product 125",29.86,2026-04-20
Kshlerin-Von,"Product 126",51.14,2026-04-23
Kshlerin-Von,"Product 126",13.37,2026-04-20
"Williamson Ltd","Product 127",80.29,2025-03-16
"Williamson Ltd","Product 127",41.85,2026-04-20
"Thiel, Kirlin and Quigley","Product 128",69.35,2026-04-20
"Thiel, Kirlin and Quigley","Product 128",96.37,2026-04-20
"Roob, Hudson and Lehner","Product 129",51.26,2026-04-20
"Roob, Hudson and Lehner","Product 129",56.39,2026-04-20
Hauck-Harber,"Product 130",3.37,2025-12-12
Hauck-Harber,"Product 130",49.23,2026-04-20
"Kemmer, Gerlach and Becker","Product 132",91.08,2025-12-17
"Kemmer, Gerlach and Becker","Product 132",80.88,2026-04-20
Torphy-Lowe,"Product 133",96.53,2025-01-09
Torphy-Lowe,"Product 133",53.78,2026-04-23
Torphy-Lowe,"Product 133",61.32,2026-04-20
Torphy-Lowe,"Product 133",21.1,2026-04-20
"Ondricka LLC","Product 134",50.33,2026-04-23
"Ondricka LLC","Product 134",50.46,2026-04-20
"Thompson Inc","Product 135",66.7,2025-03-10
"Thompson Inc","Product 135",70.1,2026-04-23
"Thompson Inc","Product 135",61.65,2026-04-20
Krajcik-Kerluke,"Product 136",23.53,2025-01-14
Krajcik-Kerluke,"Product 136",9.11,2025-11-06
Krajcik-Kerluke,"Product 136",36.37,2026-04-23
Krajcik-Kerluke,"Product 136",21.65,2026-04-20
"Davis, Bogan and Dicki","Product 137",44.16,2025-08-28
"Davis, Bogan and Dicki","Product 137",25.04,2025-10-08
"Davis, Bogan and Dicki","Product 137",49.53,2026-04-20
"Rice, Paucek and Kohler","Product 138",10.27,2026-04-20
Torphy-Lowe,"Product 139",82.77,2025-06-08
"Hackett, Willms and Zieme","Product 140",79.73,2025-08-20
"Hackett, Willms and Zieme","Product 140",52.04,2025-10-22
"Hackett, Willms and Zieme","Product 140",71.79,2026-04-20
"Hackett, Willms and Zieme","Product 140",26.95,2026-04-20
"Kemmer, Gerlach and Becker","Product 141",71.24,2025-09-14
"Kemmer, Gerlach and Becker","Product 141",70.05,2025-04-13
"Kemmer, Gerlach and Becker","Product 141",7.57,2026-04-20
"Ondricka, Rice and Homenick","Product 142",8.73,2026-04-20
"Rice, Paucek and Kohler","Product 143",21.6,2025-09-04
"Rice, Paucek and Kohler","Product 143",33.84,2025-09-07
"Rice, Paucek and Kohler","Product 143",61.52,2026-04-20
Mante-Boyer,"Product 144",44.35,2026-04-23
Mante-Boyer,"Product 144",39.95,2026-04-20
Koss-Altenwerth,"Product 145",23.1,2026-04-23
Koss-Altenwerth,"Product 145",67.74,2026-04-20
Koss-Altenwerth,"Product 145",43.59,2026-04-20
"Durgan, Stiedemann and Konopelski","Product 146",88.14,2025-07-19
"Durgan, Stiedemann and Konopelski","Product 146",30.97,2026-04-23
Kozey-Donnelly,"Product 147",41.2,2025-07-10
Kozey-Donnelly,"Product 147",3.68,2025-07-27
Kozey-Donnelly,"Product 147",94.04,2026-04-20
Kozey-Donnelly,"Product 148",56.97,2026-04-23
Kozey-Donnelly,"Product 148",19.19,2026-04-20
Kozey-Donnelly,"Product 148",61.67,2026-04-20
Windler-Gleichner,"Product 149",18.94,2025-07-04
Windler-Gleichner,"Product 149",75.75,2026-04-23
Simonis-Turner,"Product 150",53.6,2026-04-20
Simonis-Turner,"Product 150",51.87,2026-04-20
"Kuvalis, Yundt and Swift","Product 151",43.36,2025-02-16
"Kuvalis, Yundt and Swift","Product 151",6.13,2025-02-02
"Kuvalis, Yundt and Swift","Product 151",77.95,2026-04-20
"Nitzsche, Stark and Reilly","Product 152",88.13,2025-07-04
"Schamberger and Sons","Product 153",18.92,2026-04-23
"Schamberger and Sons","Product 153",72.49,2026-04-20
"Schamberger and Sons","Product 153",11.81,2026-04-20
Hauck-Harber,"Product 154",2.75,2026-04-23
Hauck-Harber,"Product 154",91.25,2026-04-20
Hauck-Harber,"Product 154",29.36,2026-04-20
"Kemmer, Gerlach and Becker","Product 155",85.84,2025-11-15
"Kemmer, Gerlach and Becker","Product 155",57.26,2025-07-02
"Kemmer, Gerlach and Becker","Product 155",49.52,2026-04-23
Flatley-Labadie,"Product 156",58.83,2026-04-20
Mante-Boyer,"Product 157",42.44,2025-09-18
Mante-Boyer,"Product 157",90.08,2026-04-23
Mante-Boyer,"Product 157",30.5,2026-04-20
Koss-Altenwerth,"Product 158",7.86,2025-12-11
Koss-Altenwerth,"Product 158",62.62,2026-04-23
Koss-Altenwerth,"Product 158",37.79,2026-04-20
Koss-Altenwerth,"Product 158",92.55,2026-04-20
"Harris Ltd","Product 159",6.05,2025-09-10
"Harris Ltd","Product 159",50.61,2026-04-23
"Harris Ltd","Product 159",23.4,2026-04-20
Nicolas-Ryan,"Product 160",49.95,2026-04-23
Nicolas-Ryan,"Product 160",33.03,2026-04-20
Nicolas-Ryan,"Product 160",42.28,2026-04-20
"Roob, Hudson and Lehner","Product 161",92.91,2025-05-16
"Roob, Hudson and Lehner","Product 161",33.82,2026-04-20
"Crooks and Sons","Product 162",55.67,2025-01-22
"Crooks and Sons","Product 162",47.44,2025-03-10
"Crooks and Sons","Product 162",47.84,2026-04-23
"Crooks and Sons","Product 162",75.56,2026-04-20
"Crooks and Sons","Product 162",64.93,2026-04-20
"Jakubowski, Nolan and Ortiz","Product 163",21.52,2025-08-19
"Jakubowski, Nolan and Ortiz","Product 163",25.44,2026-04-23
"Jakubowski, Nolan and Ortiz","Product 163",32.88,2026-04-20
"Jakubowski, Nolan and Ortiz","Product 163",83.33,2026-04-20
"Ondricka LLC","Product 164",65.06,2025-01-05
"Ondricka LLC","Product 164",71.23,2025-02-05
"Ondricka LLC","Product 164",84.63,2026-04-23
"Ondricka LLC","Product 164",52.43,2026-04-20
Mante-Boyer,"Product 165",47.34,2025-03-03
Mante-Boyer,"Product 165",34.06,2026-04-20
"Kemmer, Gerlach and Becker","Product 166",54.21,2025-11-28
"Kemmer, Gerlach and Becker","Product 166",45.19,2026-04-20
"Feest PLC","Product 167",54.61,2025-04-24
"Feest PLC","Product 167",55.84,2026-04-20
"Thiel, Kirlin and Quigley","Product 168",71.04,2026-04-23
"Thiel, Kirlin and Quigley","Product 168",80.14,2026-04-20
"Sanford, Beahan and Howell","Product 169",48.09,2025-04-04
"Sanford, Beahan and Howell","Product 169",27.96,2026-04-23
"Sanford, Beahan and Howell","Product 169",14.77,2026-04-20
"Sanford, Beahan and Howell","Product 169",94.59,2026-04-20
"Yost Inc","Product 170",52.31,2026-04-23
Mante-Boyer,"Product 171",52.19,2025-10-03
Mante-Boyer,"Product 171",36.61,2026-04-23
Mante-Boyer,"Product 171",84.27,2026-04-20
Mante-Boyer,"Product 171",65.89,2026-04-20
"Roob, Hudson and Lehner","Product 172",83.27,2025-10-17
"Roob, Hudson and Lehner","Product 172",63.76,2026-04-23
"Roob, Hudson and Lehner","Product 172",11.93,2026-04-20
"Harris Ltd","Product 173",36.29,2025-11-10
"Harris Ltd","Product 173",68.14,2025-04-28
"Harris Ltd","Product 173",36.52,2026-04-23
Wehner-Rempel,"Product 174",68.3,2025-01-06
Wehner-Rempel,"Product 174",40.73,2025-05-24
Wehner-Rempel,"Product 174",28.65,2026-04-23
"Durgan, Stiedemann and Konopelski","Product 175",45.15,2025-01-07
"Durgan, Stiedemann and Konopelski","Product 175",94.03,2025-10-13
"Durgan, Stiedemann and Konopelski","Product 175",57.62,2026-04-23
"Durgan, Stiedemann and Konopelski","Product 175",4.27,2026-04-20
"Durgan, Stiedemann and Konopelski","Product 175",34.34,2026-04-20
Krajcik-Kerluke,"Product 176",68.23,2025-10-10
Krajcik-Kerluke,"Product 176",59.01,2025-05-06
Krajcik-Kerluke,"Product 176",4.33,2026-04-23
"Hackett, Crooks and Bernier","Product 177",44.26,2025-08-01
"Hackett, Crooks and Bernier","Product 177",25.97,2026-04-20
"Hackett, Crooks and Bernier","Product 177",38.94,2026-04-20
Mante-Boyer,"Product 178",16.03,2025-05-03
Mante-Boyer,"Product 178",82.58,2026-04-23
Mante-Boyer,"Product 178",73.38,2026-04-20
Maggio-Gaylord,"Product 179",4.08,2025-06-27
Maggio-Gaylord,"Product 179",1.09,2026-04-20
Olson-Walsh,"Product 181",78.75,2025-09-07
Olson-Walsh,"Product 181",57.04,2025-02-27
Olson-Walsh,"Product 181",71.58,2026-04-20
"Hackett, Crooks and Bernier","Product 182",65.94,2025-01-03
"Hackett, Crooks and Bernier","Product 182",91.06,2026-04-23
"Hackett, Crooks and Bernier","Product 182",73.41,2026-04-20
"Roob, Hudson and Lehner","Product 183",21.47,2025-08-11
Krajcik-Kerluke,"Product 184",5.23,2025-07-23
Krajcik-Kerluke,"Product 184",19.17,2026-04-23
Hauck-Harber,"Product 185",37.89,2026-04-23
Hauck-Harber,"Product 185",70.63,2026-04-20
Hauck-Harber,"Product 185",92.65,2026-04-20
"Rice, Paucek and Kohler","Product 186",68.09,2025-11-06
"Rice, Paucek and Kohler","Product 186",61.57,2026-04-23
"Rice, Paucek and Kohler","Product 186",1.35,2026-04-20
"Ondricka and Sons","Product 187",58.25,2026-04-23
Olson-Walsh,"Product 188",55.67,2026-04-23
Olson-Walsh,"Product 188",88.71,2026-04-20
Olson-Walsh,"Product 188",17.31,2026-04-20
"Larkin, Kuvalis and Blanda","Product 189",47.74,2025-06-12
"Larkin, Kuvalis and Blanda","Product 189",32.11,2026-04-23
"Dietrich, Kirlin and Nikolaus","Product 190",3.69,2025-02-15
"Dietrich, Kirlin and Nikolaus","Product 190",3.49,2025-10-13
"Dietrich, Kirlin and Nikolaus","Product 190",68.97,2026-04-20
"Crooks and Sons","Product 191",95.24,2026-04-23
"Crooks and Sons","Product 191",28.68,2026-04-20
"Kuvalis, Yundt and Swift","Product 192",12.74,2025-03-14
"Kuvalis, Yundt and Swift","Product 192",57.93,2025-02-27
"Kuvalis, Yundt and Swift","Product 192",12.8,2026-04-23
"Kuvalis, Yundt and Swift","Product 192",65.85,2026-04-20
"Kuvalis, Yundt and Swift","Product 192",92.62,2026-04-20
"Ondricka and Sons","Product 193",15.9,2025-02-16
"Ondricka and Sons","Product 193",30.54,2025-09-26
"Dietrich, Kirlin and Nikolaus","Product 194",42.9,2025-10-06
"Dietrich, Kirlin and Nikolaus","Product 194",30.71,2026-04-20
"Dietrich, Kirlin and Nikolaus","Product 194",74.76,2026-04-20
"Yundt, Hamill and Volkman","Product 195",74.54,2025-07-01
"Yundt, Hamill and Volkman","Product 195",78.29,2026-04-20
"Yundt, Hamill and Volkman","Product 195",27.18,2026-04-20
"Harris Ltd","Product 196",73.42,2026-04-23
"Harris Ltd","Product 196",62.26,2026-04-20
"Roob, Hudson and Lehner","Product 197",69.67,2025-04-01
"Roob, Hudson and Lehner","Product 197",46.24,2026-04-23
Olson-Walsh,"Product 198",18.8,2025-09-25
Olson-Walsh,"Product 198",85.22,2025-11-02
Olson-Walsh,"Product 198",99.51,2026-04-23
Olson-Walsh,"Product 198",41.97,2026-04-20
Windler-Gleichner,"Product 199",85.24,2025-04-22
Windler-Gleichner,"Product 199",44.13,2025-04-22
Windler-Gleichner,"Product 199",81.05,2026-04-20
Flatley-Labadie,"Product 200",8.13,2025-03-03
Flatley-Labadie,"Product 200",49.77,2026-04-23
Hauck-Harber,"Product 201",22.73,2025-02-10
Hauck-Harber,"Product 201",77.39,2026-04-23
Hauck-Harber,"Product 201",40.08,2026-04-20
"Jakubowski, Nolan and Ortiz","Product 202",8.58,2025-10-02
"Jakubowski, Nolan and Ortiz","Product 202",24.52,2026-04-23
"Jakubowski, Nolan and Ortiz","Product 202",79.65,2026-04-20
"Jakubowski, Nolan and Ortiz","Product 202",66.09,2026-04-20
"Nitzsche, Stark and Reilly","Product 203",52.83,2025-04-17
"Nitzsche, Stark and Reilly","Product 203",10.37,2025-04-07
"Nitzsche, Stark and Reilly","Product 203",68.32,2026-04-23
"Nitzsche, Stark and Reilly","Product 203",5.37,2026-04-20
"Harris Ltd","Product 204",1.74,2025-08-14
"Harris Ltd","Product 204",71.78,2026-04-23
"Harris Ltd","Product 204",85.72,2026-04-20
"Harris Ltd","Product 204",51.68,2026-04-20
"Goodwin Ltd","Product 205",34.08,2026-04-20
"Goodwin Ltd","Product 205",24.56,2026-04-20
"Kuvalis, Yundt and Swift","Product 206",74.21,2025-12-26
"Kuvalis, Yundt and Swift","Product 206",34.9,2026-04-20
"Kemmer, Gerlach and Becker","Product 207",57.53,2025-08-26
"Kemmer, Gerlach and Becker","Product 207",30.79,2026-04-20
"Ondricka LLC","Product 208",40.47,2026-04-20
"Ondricka LLC","Product 208",12.21,2026-04-20
Olson-Walsh,"Product 209",84.06,2025-04-10
Olson-Walsh,"Product 209",18.74,2025-11-02
Olson-Walsh,"Product 209",49.35,2026-04-23
Olson-Walsh,"Product 209",77.81,2026-04-20
Olson-Walsh,"Product 209",10.25,2026-04-20
Flatley-Labadie,"Product 210",44.73,2025-09-08
"Dietrich, Kirlin and Nikolaus","Product 211",34.21,2026-04-23
"Dietrich, Kirlin and Nikolaus","Product 211",6.94,2026-04-20
"Dietrich, Kirlin and Nikolaus","Product 211",18.45,2026-04-20
Krajcik-Kerluke,"Product 212",5.58,2025-09-05
Krajcik-Kerluke,"Product 212",49.7,2025-10-20
Krajcik-Kerluke,"Product 212",48.94,2026-04-23
Krajcik-Kerluke,"Product 212",59.83,2026-04-20
"Auer Ltd","Product 213",79.97,2025-09-03
"Auer Ltd","Product 213",52.35,2026-04-23
"Rice, Paucek and Kohler","Product 214",47.38,2025-08-18
"Rice, Paucek and Kohler","Product 214",91.81,2025-02-17
Johnston-Herman,"Product 215",41.39,2026-04-20
Olson-Walsh,"Product 216",56.47,2025-07-03
Olson-Walsh,"Product 216",85.21,2025-07-20
"Schamberger and Sons","Product 217",68.26,2025-05-21
"Kub Ltd","Product 218",41.66,2026-04-23
"Kub Ltd","Product 218",18.82,2026-04-20
"Kub Ltd","Product 218",19.5,2026-04-20
"Stiedemann, Feeney and Quigley","Product 219",44.43,2025-05-28
"Stiedemann, Feeney and Quigley","Product 219",65.46,2025-11-15
"Stiedemann, Feeney and Quigley","Product 219",49.14,2026-04-20
"Bernhard, Glover and Mayert","Product 220",78.46,2026-04-20
"Price Ltd","Product 221",29.08,2025-11-25
"Price Ltd","Product 221",36.14,2026-04-23
"Price Ltd","Product 221",45.77,2026-04-20
"Price Ltd","Product 221",64.24,2026-04-20
"Ondricka, Rice and Homenick","Product 222",98.02,2026-04-23
"Ondricka, Rice and Homenick","Product 222",33.78,2026-04-20
Nicolas-Ryan,"Product 223",10.66,2026-04-20
Maggio-Gaylord,"Product 224",70.63,2025-01-24
Maggio-Gaylord,"Product 224",59.56,2025-06-16
Maggio-Gaylord,"Product 224",35.06,2026-04-20
Maggio-Gaylord,"Product 224",57.37,2026-04-20
"Durgan, Stiedemann and Konopelski","Product 225",99.67,2025-01-17
"Durgan, Stiedemann and Konopelski","Product 225",59.99,2025-03-13
Hauck-Harber,"Product 226",98.11,2026-04-23
Hauck-Harber,"Product 226",50.18,2026-04-20
Hauck-Harber,"Product 226",97.28,2026-04-20
"Hackett, Willms and Zieme","Product 227",33.61,2026-04-20
"Hackett, Willms and Zieme","Product 227",18.72,2026-04-20
"Altenwerth LLC","Product 228",25.15,2025-09-01
"Altenwerth LLC","Product 228",92.99,2026-04-23
"Altenwerth LLC","Product 228",14.03,2026-04-20
"Altenwerth LLC","Product 228",14.91,2026-04-20
"Williamson Ltd","Product 229",27.62,2025-11-22
"Williamson Ltd","Product 229",86.36,2026-04-20
"Williamson Ltd","Product 229",29.57,2026-04-20
"Auer Ltd","Product 230",45.54,2025-06-25
"Auer Ltd","Product 230",30.63,2026-04-23
"Auer Ltd","Product 230",3.96,2026-04-20
"McCullough, Waters and Shields","Product 231",33.44,2026-04-20
"McCullough, Waters and Shields","Product 231",22.01,2026-04-20
"Thompson Inc","Product 232",77.45,2025-10-24
"Thompson Inc","Product 232",41.37,2026-04-20
"Durgan, Stiedemann and Konopelski","Product 233",77.46,2025-02-24
Maggio-Gaylord,"Product 234",7.21,2025-11-22
Maggio-Gaylord,"Product 234",66.93,2025-06-23
Maggio-Gaylord,"Product 234",20.5,2026-04-23
Maggio-Gaylord,"Product 234",65.01,2026-04-20
Maggio-Gaylord,"Product 234",10.59,2026-04-20
Windler-Gleichner,"Product 235",75.61,2025-08-22
"Kub Ltd","Product 236",21.06,2025-06-19
"Kub Ltd","Product 236",2.82,2025-02-17
"Kub Ltd","Product 236",29.76,2026-04-20
"Kub Ltd","Product 236",68.82,2026-04-20
"Schamberger and Sons","Product 237",22.57,2025-06-07
"Schamberger and Sons","Product 237",1.23,2026-04-23
"Schamberger and Sons","Product 237",94.56,2026-04-20
Simonis-Turner,"Product 238",97.13,2025-02-15
Simonis-Turner,"Product 238",75.07,2025-10-07
Simonis-Turner,"Product 238",48.45,2026-04-23
Simonis-Turner,"Product 238",85.42,2026-04-20
Torphy-Lowe,"Product 239",18.84,2026-04-23
Torphy-Lowe,"Product 239",21.96,2026-04-20
Torphy-Lowe,"Product 239",2.51,2026-04-20
"Williamson Ltd","Product 240",63.43,2026-04-20
"Williamson Ltd","Product 240",18.29,2026-04-20
"Schamberger and Sons","Product 241",77.01,2025-01-10
"Schamberger and Sons","Product 241",56.53,2026-04-23
"Schamberger and Sons","Product 241",12.39,2026-04-20
"Schamberger and Sons","Product 241",56.13,2026-04-20
"Ondricka and Sons","Product 242",92.6,2025-11-27
"Ondricka and Sons","Product 242",53.76,2026-04-23
"Ondricka and Sons","Product 242",88.04,2026-04-20
"Kub Ltd","Product 243",54.3,2026-04-23
"Auer Ltd","Product 244",73.65,2025-09-28
"Auer Ltd","Product 244",69.47,2026-04-20
"Goodwin Ltd","Product 245",61.77,2026-04-23
"Goodwin Ltd","Product 245",75.1,2026-04-20
"Goodwin Ltd","Product 246",11.54,2025-08-08
"Goodwin Ltd","Product 246",78.96,2025-11-20
"Goodwin Ltd","Product 246",85.38,2026-04-23
"Goodwin Ltd","Product 246",86.28,2026-04-20
"Goodwin Ltd","Product 246",15.26,2026-04-20
"Williamson Ltd","Product 247",86.62,2025-02-11
"Williamson Ltd","Product 247",80.04,2025-02-15
"Rice, Paucek and Kohler","Product 248",9.19,2025-04-09
"Rice, Paucek and Kohler","Product 248",97.34,2025-02-27
"Rice, Paucek and Kohler","Product 248",28.82,2026-04-20
Torphy-Lowe,"Product 249",73.5,2025-06-01
"Kuvalis, Yundt and Swift","Product 250",12.08,2025-01-26
"Kuvalis, Yundt and Swift","Product 250",37.64,2025-11-04
"Kuvalis, Yundt and Swift","Product 250",75.67,2026-04-23
"Kuvalis, Yundt and Swift","Product 250",39.43,2026-04-20
"Kuvalis, Yundt and Swift","Product 250",81.01,2026-04-20
"Williamson Ltd","Product 252",91.58,2025-08-21
"Williamson Ltd","Product 252",78.22,2026-04-20
"Williamson Ltd","Product 252",57.56,2026-04-20
"Davis, Bogan and Dicki","Product 253",60.81,2025-03-03
"Davis, Bogan and Dicki","Product 253",90.54,2025-07-26
"Davis, Bogan and Dicki","Product 253",9.22,2026-04-23
"Ondricka, Rice and Homenick","Product 254",23.4,2025-12-26
"Ondricka, Rice and Homenick","Product 254",48.18,2026-04-20
"Ondricka, Rice and Homenick","Product 254",66.01,2026-04-20
Maggio-Gaylord,"Product 255",81.31,2025-08-14
"Sanford, Beahan and Howell","Product 256",63.99,2025-04-18
"Sanford, Beahan and Howell","Product 256",96.64,2025-04-02
"Sanford, Beahan and Howell","Product 256",41.52,2026-04-23
"Ondricka LLC","Product 257",45.54,2026-04-20
"Ondricka LLC","Product 257",76.05,2026-04-20
"Hackett, Willms and Zieme","Product 259",91.2,2025-07-13
"Auer Ltd","Product 260",53.95,2025-11-15
"Auer Ltd","Product 260",50.5,2025-09-26
"Auer Ltd","Product 260",69.94,2026-04-23
"Auer Ltd","Product 260",21.37,2026-04-20
"Auer Ltd","Product 260",44.99,2026-04-20
"Ondricka LLC","Product 261",36.92,2025-03-09
"Ondricka LLC","Product 261",11.53,2026-04-20
Reichert-Kautzer,"Product 262",4.25,2025-08-08
Reichert-Kautzer,"Product 262",46.34,2026-04-20
Windler-Gleichner,"Product 263",50.38,2025-07-15
Windler-Gleichner,"Product 263",70.6,2026-04-23
"Dietrich, Kirlin and Nikolaus","Product 264",9.78,2026-04-23
"Dietrich, Kirlin and Nikolaus","Product 264",39.67,2026-04-20
"Dietrich, Kirlin and Nikolaus","Product 264",83.08,2026-04-20
"Stiedemann, Feeney and Quigley","Product 265",31.08,2026-04-23
"Stiedemann, Feeney and Quigley","Product 265",56.69,2026-04-20
"Roob, Hudson and Lehner","Product 266",21.26,2025-04-09
"Roob, Hudson and Lehner","Product 266",93.47,2026-04-20
"Roob, Hudson and Lehner","Product 266",72.85,2026-04-20
"Stiedemann, Feeney and Quigley","Product 267",35.7,2025-11-07
"Stiedemann, Feeney and Quigley","Product 267",88.54,2025-04-17
"Stiedemann, Feeney and Quigley","Product 267",33.66,2026-04-23
"Stiedemann, Feeney and Quigley","Product 267",38.35,2026-04-20
"Stiedemann, Feeney and Quigley","Product 267",78.91,2026-04-20
"Ondricka, Rice and Homenick","Product 268",18.09,2025-05-16
"Ondricka, Rice and Homenick","Product 268",6.56,2025-06-18
"Ondricka, Rice and Homenick","Product 268",31.15,2026-04-23
"Ondricka, Rice and Homenick","Product 268",79.93,2026-04-20
"Harris Ltd","Product 269",16.9,2025-03-22
"Harris Ltd","Product 269",82.65,2025-04-14
"Harris Ltd","Product 269",92.98,2026-04-23
"Harris Ltd","Product 269",47.85,2026-04-20
"Harris Ltd","Product 269",13.53,2026-04-20
"Durgan, Stiedemann and Konopelski","Product 270",85.47,2025-08-25
"Durgan, Stiedemann and Konopelski","Product 270",84.48,2026-04-23
"Rice, Paucek and Kohler","Product 271",67.48,2025-12-01
"Rice, Paucek and Kohler","Product 271",31.98,2025-01-05
"Rice, Paucek and Kohler","Product 271",69.73,2026-04-20
"Crooks and Sons","Product 272",27.16,2025-10-22
"Crooks and Sons","Product 272",18.68,2025-02-15
"Crooks and Sons","Product 272",88.81,2026-04-23
"Crooks and Sons","Product 272",78.37,2026-04-20
Flatley-Labadie,"Product 274",57.4,2025-05-09
Flatley-Labadie,"Product 274",75.09,2026-04-23
Flatley-Labadie,"Product 274",46.36,2026-04-20
Flatley-Labadie,"Product 274",20.36,2026-04-20
Kshlerin-Von,"Product 275",10.19,2025-07-07
Kshlerin-Von,"Product 275",29.44,2025-09-15
Kshlerin-Von,"Product 275",82.76,2026-04-23
Kshlerin-Von,"Product 275",94.18,2026-04-20
Hauck-Harber,"Product 276",89.74,2025-06-15
Hauck-Harber,"Product 276",33.61,2025-03-25
Hauck-Harber,"Product 276",98.79,2026-04-23
Hauck-Harber,"Product 276",55.2,2026-04-20
"Feest PLC","Product 277",7.29,2026-04-20
"Feest PLC","Product 277",36.75,2026-04-20
"Altenwerth LLC","Product 278",3.03,2025-08-06
"Altenwerth LLC","Product 278",39.56,2025-09-24
"Altenwerth LLC","Product 278",83.15,2026-04-23
"Altenwerth LLC","Product 278",82.66,2026-04-20
"Altenwerth LLC","Product 278",76.91,2026-04-20
"Harris Ltd","Product 279",38.27,2025-08-06
"Harris Ltd","Product 279",77.26,2026-04-23
"Harris Ltd","Product 279",33.26,2026-04-20
"Harris Ltd","Product 279",35.49,2026-04-20
"Hackett, Crooks and Bernier","Product 280",67.38,2026-04-20
"Hackett, Crooks and Bernier","Product 280",94.89,2026-04-20
Windler-Gleichner,"Product 281",2.13,2025-08-18
Windler-Gleichner,"Product 281",27.29,2025-05-05
Windler-Gleichner,"Product 281",6.96,2026-04-23
Windler-Gleichner,"Product 281",35.16,2026-04-20
Windler-Gleichner,"Product 281",8.41,2026-04-20
Windler-Gleichner,"Product 282",50.21,2025-04-11
"Bernhard, Glover and Mayert","Product 283",24.73,2025-07-27
"Bernhard, Glover and Mayert","Product 283",28.3,2025-02-08
"Bernhard, Glover and Mayert","Product 283",62.55,2026-04-23
"Kuvalis, Yundt and Swift","Product 284",11.84,2026-04-20
"McCullough, Waters and Shields","Product 285",78.44,2026-04-20
"McCullough, Waters and Shields","Product 285",93.47,2026-04-20
"Hackett, Willms and Zieme","Product 286",69.44,2026-04-20
"Hackett, Willms and Zieme","Product 286",58,2026-04-20
"Yundt, Hamill and Volkman","Product 287",16.57,2025-09-22
"Yundt, Hamill and Volkman","Product 287",7.13,2026-04-20
Kozey-Donnelly,"Product 288",97.61,2025-04-27
Kozey-Donnelly,"Product 288",35.35,2026-04-23
Kozey-Donnelly,"Product 288",48.11,2026-04-20
"Stiedemann, Feeney and Quigley","Product 291",29.01,2025-07-15
"Stiedemann, Feeney and Quigley","Product 291",45.04,2026-04-23
"Ondricka LLC","Product 292",58.07,2025-12-05
"Ondricka LLC","Product 292",4.21,2026-04-20
"Ondricka, Rice and Homenick","Product 293",67.28,2025-08-21
"Ondricka, Rice and Homenick","Product 293",36.59,2025-09-06
"Ondricka, Rice and Homenick","Product 293",95.53,2026-04-20
Koss-Altenwerth,"Product 294",45.61,2026-04-23
Koss-Altenwerth,"Product 294",46.4,2026-04-20
Koss-Altenwerth,"Product 294",75.39,2026-04-20
"Thompson Inc","Product 295",74.67,2025-11-28
"Thompson Inc","Product 295",14.98,2026-04-20
"Stiedemann, Feeney and Quigley","Product 296",1.17,2025-02-24
"Stiedemann, Feeney and Quigley","Product 296",80.73,2026-04-23
"Bernhard, Glover and Mayert","Product 297",56.92,2025-12-02
"Bernhard, Glover and Mayert","Product 297",6.02,2026-04-23
Nicolas-Ryan,"Product 298",35.17,2025-08-04
Nicolas-Ryan,"Product 298",5.9,2025-02-12
Nicolas-Ryan,"Product 298",10.18,2026-04-23
Nicolas-Ryan,"Product 298",94.94,2026-04-20
Nicolas-Ryan,"Product 298",73.36,2026-04-20
Krajcik-Kerluke,"Product 299",86.8,2026-04-20
Koss-Altenwerth,"Product 300",94.05,2025-12-20
Koss-Altenwerth,"Product 300",7.26,2025-09-03
Windler-Gleichner,"Product 301",49.17,2025-11-08
Windler-Gleichner,"Product 301",70.95,2026-04-23
Windler-Gleichner,"Product 301",83.12,2026-04-20
Kozey-Donnelly,"Product 302",77.74,2026-04-20
Kozey-Donnelly,"Product 302",94.65,2026-04-20
"Davis, Bogan and Dicki","Product 303",26.62,2025-02-07
"Davis, Bogan and Dicki","Product 303",71.82,2026-04-20
"Davis, Bogan and Dicki","Product 303",10.41,2026-04-20
"Yundt, Hamill and Volkman","Product 304",7.97,2026-04-20
"Yundt, Hamill and Volkman","Product 304",18.54,2026-04-20
Nicolas-Ryan,"Product 305",41.08,2025-09-15
Nicolas-Ryan,"Product 305",91.5,2026-04-20
Nicolas-Ryan,"Product 305",19.98,2026-04-20
"Schamberger and Sons","Product 306",4.82,2025-11-20
"Schamberger and Sons","Product 306",28.8,2025-06-23
"Schamberger and Sons","Product 306",74.35,2026-04-23
"Schamberger and Sons","Product 306",69.1,2026-04-20
"Schamberger and Sons","Product 306",36.32,2026-04-20
"McCullough, Waters and Shields","Product 307",45.37,2025-11-02
"McCullough, Waters and Shields","Product 307",95.22,2026-04-20
Torphy-Lowe,"Product 308",13.14,2026-04-20
Torphy-Lowe,"Product 308",77.12,2026-04-20
"Yost Inc","Product 309",56.6,2026-04-23
"Yost Inc","Product 309",44.61,2026-04-20
"Yost Inc","Product 309",74.18,2026-04-20
"Kub Ltd","Product 310",27.75,2025-04-08
"Kub Ltd","Product 310",7.26,2025-11-03
"Kub Ltd","Product 310",53.29,2026-04-20
"Thompson Inc","Product 311",29.75,2025-05-06
"Thompson Inc","Product 311",97.2,2025-10-05
"Thompson Inc","Product 311",69.8,2026-04-23
"Thompson Inc","Product 311",93.42,2026-04-20
"Ondricka, Rice and Homenick","Product 312",87.15,2025-04-15
"Ondricka, Rice and Homenick","Product 312",44.52,2025-05-23
"Ondricka, Rice and Homenick","Product 312",65.03,2026-04-23
"Ondricka, Rice and Homenick","Product 312",40.08,2026-04-20
"Altenwerth LLC","Product 313",55.69,2025-06-16
"Altenwerth LLC","Product 313",60.78,2025-04-03
"Altenwerth LLC","Product 313",94.4,2026-04-20
"Altenwerth LLC","Product 313",75.83,2026-04-20
"Yundt, Hamill and Volkman","Product 315",46.56,2025-02-01
"Crooks and Sons","Product 316",29.69,2025-02-20
"Crooks and Sons","Product 316",4.61,2025-03-16
Windler-Gleichner,"Product 318",47.27,2025-11-18
Windler-Gleichner,"Product 318",58.81,2026-04-23
Windler-Gleichner,"Product 318",83.68,2026-04-20
"Schamberger and Sons","Product 319",56.95,2025-06-10
"Schamberger and Sons","Product 319",9.04,2025-12-09
"Schamberger and Sons","Product 319",32.09,2026-04-23
"Ondricka and Sons","Product 320",92.62,2026-04-23
"Ondricka and Sons","Product 320",87.57,2026-04-20
Wehner-Rempel,"Product 321",63.59,2025-07-16
Kozey-Donnelly,"Product 322",66.9,2025-04-08
Kozey-Donnelly,"Product 322",37.69,2026-04-23
"Altenwerth LLC","Product 323",71.82,2025-07-22
"Altenwerth LLC","Product 323",49.25,2025-01-26
"Altenwerth LLC","Product 323",81.5,2026-04-23
"Altenwerth LLC","Product 323",31.32,2026-04-20
"Altenwerth LLC","Product 323",13.84,2026-04-20
"Bernhard, Glover and Mayert","Product 325",85.36,2025-11-06
"Bernhard, Glover and Mayert","Product 325",5.18,2026-04-20
"Bernhard, Glover and Mayert","Product 325",24.23,2026-04-20
"Price Ltd","Product 326",13.83,2025-05-21
"Price Ltd","Product 326",67.31,2025-11-10
"Price Ltd","Product 326",39.19,2026-04-20
"Price Ltd","Product 326",85.46,2026-04-20
"Williamson Ltd","Product 327",51.99,2025-08-05
"Williamson Ltd","Product 327",35.27,2026-04-20
"Thompson Inc","Product 328",18.55,2025-07-09
"Thompson Inc","Product 328",5.85,2025-02-27
"Thompson Inc","Product 328",31.25,2026-04-20
"Thompson Inc","Product 328",76.22,2026-04-20
"McCullough, Waters and Shields","Product 329",54.55,2025-12-21
"McCullough, Waters and Shields","Product 329",73.05,2026-04-23
"McCullough, Waters and Shields","Product 329",81.63,2026-04-20
"McCullough, Waters and Shields","Product 329",62.32,2026-04-20
Reichert-Kautzer,"Product 330",9.27,2025-08-19
Reichert-Kautzer,"Product 330",19.66,2025-01-19
Reichert-Kautzer,"Product 330",68.34,2026-04-23
Koss-Altenwerth,"Product 331",30.38,2025-06-20
"Stiedemann, Feeney and Quigley","Product 332",75.71,2026-04-20
"Stiedemann, Feeney and Quigley","Product 332",89.52,2026-04-20
"Harris Ltd","Product 333",92.99,2025-01-14
"Harris Ltd","Product 333",16.43,2026-04-20
"Bernhard, Glover and Mayert","Product 334",28.58,2025-12-22
"Bernhard, Glover and Mayert","Product 334",80.6,2026-04-23
"Bernhard, Glover and Mayert","Product 334",28.65,2026-04-20
"Bernhard, Glover and Mayert","Product 334",32.01,2026-04-20
"Larkin, Kuvalis and Blanda","Product 335",82.12,2026-04-20
Flatley-Labadie,"Product 336",52.43,2025-11-25
Flatley-Labadie,"Product 336",37.87,2025-07-15
Flatley-Labadie,"Product 336",75.58,2026-04-23
"Kemmer, Gerlach and Becker","Product 337",78.86,2026-04-23
"Kemmer, Gerlach and Becker","Product 337",21.72,2026-04-20
"Roob, Hudson and Lehner","Product 338",51.08,2025-05-04
"Roob, Hudson and Lehner","Product 338",23.32,2026-04-20
"Roob, Hudson and Lehner","Product 338",98.12,2026-04-20
Koss-Altenwerth,"Product 339",10.29,2025-07-08
Koss-Altenwerth,"Product 339",13.49,2026-04-23
Koss-Altenwerth,"Product 339",6.27,2026-04-20
Windler-Gleichner,"Product 340",8.27,2025-03-20
Windler-Gleichner,"Product 340",43.32,2026-04-23
Windler-Gleichner,"Product 340",18.93,2026-04-20
"Thiel, Kirlin and Quigley","Product 341",67.88,2025-03-13
"Thiel, Kirlin and Quigley","Product 341",96.83,2026-04-20
"Thiel, Kirlin and Quigley","Product 341",4.88,2026-04-20
"Kuvalis, Yundt and Swift","Product 342",27.32,2026-04-20
"Williamson Ltd","Product 343",30.94,2025-03-09
"Williamson Ltd","Product 343",42.04,2026-04-23
"Williamson Ltd","Product 343",85.14,2026-04-20
Nicolas-Ryan,"Product 344",81.28,2025-06-01
Nicolas-Ryan,"Product 344",20.9,2026-04-23
Nicolas-Ryan,"Product 344",37.25,2026-04-20
Nicolas-Ryan,"Product 344",5.33,2026-04-20
Simonis-Turner,"Product 345",84.51,2026-04-20
Simonis-Turner,"Product 345",86.52,2026-04-20
Nicolas-Ryan,"Product 346",42.03,2025-12-14
Nicolas-Ryan,"Product 346",42.35,2026-04-23
Nicolas-Ryan,"Product 346",52.97,2026-04-20
"Durgan, Stiedemann and Konopelski","Product 347",18.3,2025-06-23
Flatley-Labadie,"Product 349",36.48,2026-04-23
Flatley-Labadie,"Product 349",31.9,2026-04-20
Wehner-Rempel,"Product 350",31.01,2025-04-09
"Bernhard, Glover and Mayert","Product 351",94.08,2025-04-20
"Bernhard, Glover and Mayert","Product 351",17.7,2026-04-20
"Bernhard, Glover and Mayert","Product 351",80.21,2026-04-20
"Stiedemann, Feeney and Quigley","Product 352",96.38,2025-07-01
"Stiedemann, Feeney and Quigley","Product 352",91.52,2026-04-20
"Stiedemann, Feeney and Quigley","Product 352",73.96,2026-04-20
"Ondricka, Rice and Homenick","Product 353",32.33,2026-04-23
"Ondricka, Rice and Homenick","Product 353",9.5,2026-04-20
"Ondricka, Rice and Homenick","Product 353",9.61,2026-04-20
"Yost Inc","Product 354",93.11,2025-12-12
"Yost Inc","Product 354",52.7,2025-04-28
"Yost Inc","Product 354",76.13,2026-04-20
"Yost Inc","Product 354",62.45,2026-04-20
"McCullough, Waters and Shields","Product 355",16.61,2026-04-23
"McCullough, Waters and Shields","Product 355",5.54,2026-04-20
"McCullough, Waters and Shields","Product 355",86.97,2026-04-20
Torphy-Lowe,"Product 356",9.28,2025-06-23
Torphy-Lowe,"Product 356",83.22,2025-05-01
Torphy-Lowe,"Product 356",67.87,2026-04-23
Torphy-Lowe,"Product 356",50.6,2026-04-20
"Kemmer, Gerlach and Becker","Product 357",55.81,2026-04-20
"Kemmer, Gerlach and Becker","Product 357",46.61,2026-04-20
"Kuvalis, Yundt and Swift","Product 358",14.16,2026-04-20
"Feest PLC","Product 359",30.66,2026-04-20
Hauck-Harber,"Product 360",76.02,2025-01-27
"Roob, Hudson and Lehner","Product 361",11.31,2025-12-13
"Roob, Hudson and Lehner","Product 361",56.8,2026-04-20
"Yundt, Hamill and Volkman","Product 362",88.1,2025-03-12
"Yundt, Hamill and Volkman","Product 362",48.41,2025-09-08
"Yundt, Hamill and Volkman","Product 362",65.48,2026-04-20
"Yundt, Hamill and Volkman","Product 362",38.65,2026-04-20
"Hackett, Willms and Zieme","Product 363",25.44,2025-10-04
"Hackett, Willms and Zieme","Product 363",7.15,2026-04-23
"Hackett, Willms and Zieme","Product 363",57.94,2026-04-20
"Ondricka, Rice and Homenick","Product 364",83.63,2026-04-23
"Ondricka, Rice and Homenick","Product 364",74.78,2026-04-20
Kshlerin-Von,"Product 365",29.71,2025-05-07
Kshlerin-Von,"Product 365",93.23,2026-04-20
Kshlerin-Von,"Product 365",15.88,2026-04-20
Hauck-Harber,"Product 366",90.96,2025-03-05
Hauck-Harber,"Product 366",30.33,2025-02-03
Hauck-Harber,"Product 366",29.94,2026-04-23
Hauck-Harber,"Product 366",78.05,2026-04-20
Kshlerin-Von,"Product 367",85.24,2025-08-16
Kshlerin-Von,"Product 367",46.51,2026-04-20
Kshlerin-Von,"Product 367",4.84,2026-04-20
"Kuvalis, Yundt and Swift","Product 368",8.9,2026-04-23
"Kuvalis, Yundt and Swift","Product 368",15.49,2026-04-20
"Kuvalis, Yundt and Swift","Product 368",2.36,2026-04-20
"Thompson Inc","Product 370",49.62,2025-12-13
"Thompson Inc","Product 370",99.95,2025-05-24
"Thompson Inc","Product 370",3.79,2026-04-23
"Lakin, Torp and Bernhard","Product 371",69.3,2025-05-09
"Lakin, Torp and Bernhard","Product 371",98.49,2025-04-26
"Lakin, Torp and Bernhard","Product 371",34.8,2026-04-23
"Auer Ltd","Product 372",75.15,2025-08-02
"Auer Ltd","Product 372",67.65,2026-04-20
"Auer Ltd","Product 372",84.99,2026-04-20
"Roob, Hudson and Lehner","Product 373",91.03,2025-10-15
"Roob, Hudson and Lehner","Product 373",50.84,2026-04-20
"Roob, Hudson and Lehner","Product 373",34.45,2026-04-20
"Auer Ltd","Product 374",2.84,2026-04-20
"Auer Ltd","Product 374",2.72,2026-04-20
Hauck-Harber,"Product 375",17.88,2026-04-20
"Larkin, Kuvalis and Blanda","Product 376",46.18,2026-04-20
"Auer Ltd","Product 377",18.72,2026-04-23
Reichert-Kautzer,"Product 378",16.79,2026-04-20
Reichert-Kautzer,"Product 378",32.03,2026-04-20
"Roob, Hudson and Lehner","Product 380",47.21,2025-12-11
"Roob, Hudson and Lehner","Product 380",34.28,2026-04-23
"Roob, Hudson and Lehner","Product 380",35.6,2026-04-20
"Durgan, Stiedemann and Konopelski","Product 382",97.44,2026-04-23
"Sanford, Beahan and Howell","Product 383",48.7,2025-09-14
"Sanford, Beahan and Howell","Product 383",56.87,2026-04-23
"Sanford, Beahan and Howell","Product 383",14.7,2026-04-20
"Goodwin Ltd","Product 384",98.38,2025-10-19
"Goodwin Ltd","Product 384",42.49,2026-04-23
Simonis-Turner,"Product 385",84.71,2025-05-07
Simonis-Turner,"Product 385",55.88,2026-04-23
Krajcik-Kerluke,"Product 386",61.78,2025-05-25
Krajcik-Kerluke,"Product 386",71.77,2026-04-23
"Davis, Bogan and Dicki","Product 387",21.21,2025-03-13
"Davis, Bogan and Dicki","Product 387",3.04,2026-04-23
Kshlerin-Von,"Product 388",86.79,2026-04-23
Kshlerin-Von,"Product 388",2.32,2026-04-20
"Hackett, Willms and Zieme","Product 389",49.67,2025-07-26
"Hackett, Willms and Zieme","Product 389",67.19,2025-08-09
Windler-Gleichner,"Product 390",25.29,2025-09-22
Windler-Gleichner,"Product 390",34.47,2025-09-05
Kshlerin-Von,"Product 391",33.4,2025-01-10
Kshlerin-Von,"Product 391",77.59,2026-04-23
"Auer Ltd","Product 392",46.3,2025-04-18
"Auer Ltd","Product 392",81.42,2025-03-05
"Auer Ltd","Product 392",9.04,2026-04-20
"McCullough, Waters and Shields","Product 394",4.48,2026-04-23
"Larkin, Kuvalis and Blanda","Product 395",17.57,2025-03-11
Krajcik-Kerluke,"Product 396",58.56,2025-02-05
Krajcik-Kerluke,"Product 396",42.23,2025-09-10
Krajcik-Kerluke,"Product 396",90.42,2026-04-20
Krajcik-Kerluke,"Product 396",61.54,2026-04-20
Flatley-Labadie,"Product 397",81.37,2025-01-03
Flatley-Labadie,"Product 397",92.29,2025-06-18
Flatley-Labadie,"Product 397",95.96,2026-04-20
Flatley-Labadie,"Product 397",80.75,2026-04-20
Mante-Boyer,"Product 398",84.6,2026-04-20
Mante-Boyer,"Product 398",13.59,2026-04-20
Maggio-Gaylord,"Product 399",38.87,2025-08-24
Maggio-Gaylord,"Product 399",67.78,2025-11-09
Maggio-Gaylord,"Product 399",43.44,2026-04-23
Maggio-Gaylord,"Product 399",48.39,2026-04-20
"Feest PLC","Product 400",86.47,2026-04-20
"Ondricka, Rice and Homenick","Product 401",48.08,2025-04-17
"Ondricka, Rice and Homenick","Product 401",76.78,2026-04-23
"Ondricka, Rice and Homenick","Product 401",7.61,2026-04-20
"Ondricka, Rice and Homenick","Product 401",46.44,2026-04-20
"Thiel, Kirlin and Quigley","Product 402",1.67,2025-12-16
"Thiel, Kirlin and Quigley","Product 402",36.23,2026-04-23
"Thiel, Kirlin and Quigley","Product 402",92.84,2026-04-20
"Thiel, Kirlin and Quigley","Product 402",46.3,2026-04-20
"Kuvalis, Yundt and Swift","Product 403",40.43,2025-06-03
"Kuvalis, Yundt and Swift","Product 403",76.92,2026-04-23
"Auer Ltd","Product 404",86.02,2025-02-24
"Auer Ltd","Product 404",25.39,2025-05-19
"Auer Ltd","Product 404",28.05,2026-04-23
"Auer Ltd","Product 404",94.18,2026-04-20
"Yundt, Hamill and Volkman","Product 405",61.51,2025-10-02
"Yundt, Hamill and Volkman","Product 405",92.4,2026-04-20
"Price Ltd","Product 406",54.76,2025-03-22
"Price Ltd","Product 406",73.73,2025-12-13
"Price Ltd","Product 406",52.57,2026-04-20
"Price Ltd","Product 406",48.44,2026-04-20
"Ondricka LLC","Product 407",35.98,2025-10-09
Torphy-Lowe,"Product 408",11.31,2025-09-28
"Kemmer, Gerlach and Becker","Product 409",32.37,2025-03-06
"Kemmer, Gerlach and Becker","Product 409",89.86,2026-04-23
"Kemmer, Gerlach and Becker","Product 409",38.57,2026-04-20
"Thompson Inc","Product 411",21.76,2025-05-27
"Thompson Inc","Product 411",96.06,2026-04-20
"Nitzsche, Stark and Reilly","Product 412",25.91,2025-01-22
"Nitzsche, Stark and Reilly","Product 412",4.32,2025-08-23
"Nitzsche, Stark and Reilly","Product 412",78.64,2026-04-23
"Lakin, Torp and Bernhard","Product 413",69.27,2025-10-07
"Lakin, Torp and Bernhard","Product 413",3.75,2026-04-20
"Lakin, Torp and Bernhard","Product 413",89.95,2026-04-20
Nicolas-Ryan,"Product 414",33.08,2025-07-17
Nicolas-Ryan,"Product 414",43.35,2025-02-19
Nicolas-Ryan,"Product 414",43.78,2026-04-23
Nicolas-Ryan,"Product 414",56.17,2026-04-20
"Williamson Ltd","Product 415",46.33,2026-04-23
"Roob, Hudson and Lehner","Product 416",28.76,2026-04-23
"Ondricka and Sons","Product 417",87.18,2025-03-09
"Ondricka and Sons","Product 417",67.8,2025-08-05
"Ondricka and Sons","Product 417",46.89,2026-04-23
"Ondricka and Sons","Product 417",72.2,2026-04-20
Krajcik-Kerluke,"Product 418",24.65,2026-04-20
Krajcik-Kerluke,"Product 418",15.63,2026-04-20
"Nitzsche, Stark and Reilly","Product 419",25.13,2025-09-18
"Nitzsche, Stark and Reilly","Product 419",88.14,2026-04-20
"Kuvalis, Yundt and Swift","Product 420",63.69,2025-03-09
"Kuvalis, Yundt and Swift","Product 420",89.29,2026-04-23
"Kuvalis, Yundt and Swift","Product 420",90.04,2026-04-20
"Harris Ltd","Product 421",65.11,2025-05-05
"Harris Ltd","Product 421",89.18,2025-03-27
"Harris Ltd","Product 421",22.68,2026-04-20
Kozey-Donnelly,"Product 422",30.6,2025-03-15
Kozey-Donnelly,"Product 422",11.31,2025-01-15
Kozey-Donnelly,"Product 422",31.92,2026-04-20
"Kuvalis, Yundt and Swift","Product 423",35.65,2025-10-24
"Kuvalis, Yundt and Swift","Product 423",61.35,2026-04-20
"Kuvalis, Yundt and Swift","Product 424",13.11,2026-04-20
"Kuvalis, Yundt and Swift","Product 424",61.69,2026-04-20
"Kub Ltd","Product 425",82.84,2025-05-14
"Kub Ltd","Product 425",22.53,2026-04-20
"Hackett, Willms and Zieme","Product 426",75.98,2025-11-07
"Hackett, Willms and Zieme","Product 426",24.41,2026-04-23
"Hackett, Willms and Zieme","Product 426",57.03,2026-04-20
"Williamson Ltd","Product 427",42.64,2025-10-12
"Williamson Ltd","Product 427",32.41,2026-04-23
"Thiel, Kirlin and Quigley","Product 428",84.34,2026-04-23
"Thiel, Kirlin and Quigley","Product 428",99.13,2026-04-20
"Thiel, Kirlin and Quigley","Product 428",66.82,2026-04-20
Johnston-Herman,"Product 429",36.52,2025-09-22
Johnston-Herman,"Product 429",71.92,2025-06-14
Johnston-Herman,"Product 429",85.04,2026-04-23
"Crooks and Sons","Product 431",18.28,2025-04-19
"Crooks and Sons","Product 431",96.18,2026-04-23
"Crooks and Sons","Product 431",62.07,2026-04-20
"Crooks and Sons","Product 431",13.73,2026-04-20
Koss-Altenwerth,"Product 432",19.96,2025-07-11
Koss-Altenwerth,"Product 432",1.02,2026-04-23
Koss-Altenwerth,"Product 432",67.7,2026-04-20
"Williamson Ltd","Product 433",82.46,2025-11-15
"Williamson Ltd","Product 433",1.41,2026-04-20
"Williamson Ltd","Product 433",84.24,2026-04-20
"Auer Ltd","Product 434",19.15,2026-04-20
Windler-Gleichner,"Product 435",12.92,2025-06-18
Windler-Gleichner,"Product 435",74.62,2026-04-23
Windler-Gleichner,"Product 435",88.87,2026-04-20
"Dietrich, Kirlin and Nikolaus","Product 436",69.36,2025-09-26
"Dietrich, Kirlin and Nikolaus","Product 436",10.8,2025-11-14
"Dietrich, Kirlin and Nikolaus","Product 436",49.88,2026-04-20
"Dietrich, Kirlin and Nikolaus","Product 436",89.3,2026-04-20
"Price Ltd","Product 437",60.72,2025-04-11
"Price Ltd","Product 437",44.41,2026-04-20
"Price Ltd","Product 437",1.84,2026-04-20
Wehner-Rempel,"Product 439",91.57,2026-04-20
Wehner-Rempel,"Product 439",64.21,2026-04-20
"Roob, Hudson and Lehner","Product 440",82.53,2025-09-11
"Roob, Hudson and Lehner","Product 440",96.42,2025-12-14
"Roob, Hudson and Lehner","Product 440",70.49,2026-04-23
"Roob, Hudson and Lehner","Product 440",53.03,2026-04-20
"Yundt, Hamill and Volkman","Product 441",10.22,2025-09-27
"Yundt, Hamill and Volkman","Product 441",10.04,2026-04-23
"Roob, Hudson and Lehner","Product 442",90.67,2025-03-27
"Roob, Hudson and Lehner","Product 442",95.53,2026-04-23
"Roob, Hudson and Lehner","Product 442",2.85,2026-04-20
"Roob, Hudson and Lehner","Product 442",69.88,2026-04-20
Hauck-Harber,"Product 443",25.15,2025-08-09
Hauck-Harber,"Product 443",70.3,2025-01-05
Hauck-Harber,"Product 443",82.93,2026-04-20
Hauck-Harber,"Product 443",46.72,2026-04-20
Hauck-Harber,"Product 444",5,2025-04-16
Hauck-Harber,"Product 444",59.91,2026-04-23
Hauck-Harber,"Product 444",83.03,2026-04-20
Hauck-Harber,"Product 444",7.54,2026-04-20
Mante-Boyer,"Product 445",99.84,2026-04-23
Mante-Boyer,"Product 445",46.18,2026-04-20
Mante-Boyer,"Product 445",86.52,2026-04-20
Kozey-Donnelly,"Product 447",77.53,2026-04-20
Kozey-Donnelly,"Product 447",48.98,2026-04-20
Flatley-Labadie,"Product 449",59.1,2025-01-22
Flatley-Labadie,"Product 449",53.54,2025-06-02
Flatley-Labadie,"Product 449",82.44,2026-04-20
"Larkin, Kuvalis and Blanda","Product 450",13.94,2025-12-17
"Crooks and Sons","Product 451",3.18,2025-10-14
"Stiedemann, Feeney and Quigley","Product 453",89.59,2025-07-19
"Stiedemann, Feeney and Quigley","Product 453",7.17,2026-04-23
"Thompson Inc","Product 454",17.9,2025-10-27
"Kub Ltd","Product 455",35.29,2025-02-05
"Kub Ltd","Product 455",35.39,2025-10-19
"Kub Ltd","Product 455",43.28,2026-04-23
"Kub Ltd","Product 455",22.95,2026-04-20
Windler-Gleichner,"Product 456",59.92,2026-04-23
Windler-Gleichner,"Product 456",18.45,2026-04-20
"Roob, Hudson and Lehner","Product 457",84.9,2025-08-15
"Roob, Hudson and Lehner","Product 457",92.97,2026-04-20
"Roob, Hudson and Lehner","Product 457",91.47,2026-04-20
"Goodwin Ltd","Product 458",34.67,2025-05-12
"Goodwin Ltd","Product 458",17.72,2026-04-20
"Goodwin Ltd","Product 458",23.26,2026-04-20
"Altenwerth LLC","Product 459",72.56,2026-04-23
"Altenwerth LLC","Product 459",44.99,2026-04-20
"Altenwerth LLC","Product 459",68.14,2026-04-20
"Hackett, Crooks and Bernier","Product 460",87.91,2025-03-02
"Hackett, Crooks and Bernier","Product 460",3.36,2025-10-23
"Hackett, Crooks and Bernier","Product 460",12.4,2026-04-23
"Hackett, Crooks and Bernier","Product 460",96.44,2026-04-20
"Hackett, Crooks and Bernier","Product 460",35.15,2026-04-20
"Auer Ltd","Product 461",51.47,2025-04-24
"Auer Ltd","Product 461",11.25,2025-08-01
"Auer Ltd","Product 461",21.08,2026-04-23
"Auer Ltd","Product 461",91.26,2026-04-20
"Price Ltd","Product 462",59.11,2025-12-12
"Price Ltd","Product 462",3.77,2025-01-06
"Price Ltd","Product 462",53.16,2026-04-23
Mante-Boyer,"Product 463",39.89,2025-09-18
Mante-Boyer,"Product 463",64.14,2025-08-08
Mante-Boyer,"Product 463",33.99,2026-04-23
Mante-Boyer,"Product 463",98.21,2026-04-20
Mante-Boyer,"Product 463",44.16,2026-04-20
"Ondricka LLC","Product 464",76.59,2025-06-05
"Ondricka LLC","Product 464",76.85,2026-04-20
"Auer Ltd","Product 465",37.52,2025-08-28
"Auer Ltd","Product 465",85.78,2025-02-15
"Auer Ltd","Product 465",60.29,2026-04-20
"Harris Ltd","Product 466",26.89,2025-01-13
"Harris Ltd","Product 466",18.04,2025-08-24
"Harris Ltd","Product 466",57.72,2026-04-20
"McCullough, Waters and Shields","Product 467",80.84,2026-04-23
"McCullough, Waters and Shields","Product 467",29.66,2026-04-20
"Yost Inc","Product 468",34.1,2025-03-06
"Yost Inc","Product 468",63.79,2025-07-06
"Yost Inc","Product 468",86.98,2026-04-23
"Yost Inc","Product 468",14.42,2026-04-20
"Ondricka LLC","Product 470",21.13,2025-07-23
"Ondricka LLC","Product 470",28.98,2025-11-27
"Ondricka LLC","Product 470",51.95,2026-04-23
"Ondricka LLC","Product 470",51.25,2026-04-20
Flatley-Labadie,"Product 471",88.12,2026-04-23
Flatley-Labadie,"Product 471",21.47,2026-04-20
Flatley-Labadie,"Product 471",37.95,2026-04-20
Krajcik-Kerluke,"Product 472",1.23,2025-02-11
Krajcik-Kerluke,"Product 472",12.87,2025-01-04
Krajcik-Kerluke,"Product 472",97.95,2026-04-20
Krajcik-Kerluke,"Product 472",61.93,2026-04-20
"Kuvalis, Yundt and Swift","Product 473",43.14,2025-08-23
"Kuvalis, Yundt and Swift","Product 473",42.52,2026-04-20
"Kuvalis, Yundt and Swift","Product 473",93.3,2026-04-20
Kozey-Donnelly,"Product 474",10.46,2025-01-08
Kozey-Donnelly,"Product 474",30.7,2025-06-02
Kozey-Donnelly,"Product 474",50.86,2026-04-23
Kozey-Donnelly,"Product 474",14.06,2026-04-20
Kozey-Donnelly,"Product 474",32.05,2026-04-20
"Williamson Ltd","Product 475",64.08,2025-04-08
"Williamson Ltd","Product 475",19.64,2026-04-23
"Williamson Ltd","Product 475",25.87,2026-04-20
"Williamson Ltd","Product 475",58.35,2026-04-20
Reichert-Kautzer,"Product 476",74.06,2025-05-23
Reichert-Kautzer,"Product 476",73.11,2026-04-23
"Crooks and Sons","Product 477",52.38,2026-04-23
"Crooks and Sons","Product 477",13.59,2026-04-20
"Harris Ltd","Product 478",99.93,2025-01-11
"Harris Ltd","Product 478",60.61,2026-04-23
"Harris Ltd","Product 478",65.97,2026-04-20
"Harris Ltd","Product 478",42.27,2026-04-20
"Kuvalis, Yundt and Swift","Product 479",70.25,2025-04-28
"Kuvalis, Yundt and Swift","Product 479",22.76,2026-04-20
"Kuvalis, Yundt and Swift","Product 479",73.51,2026-04-20
"Roob, Hudson and Lehner","Product 480",14.06,2026-04-20
"Price Ltd","Product 481",21.76,2025-11-27
"Price Ltd","Product 481",71.55,2026-04-20
"Price Ltd","Product 481",93.99,2026-04-20
"Hackett, Crooks and Bernier","Product 482",12.17,2025-05-16
"Hackett, Crooks and Bernier","Product 482",97.26,2026-04-20
"Lakin, Torp and Bernhard","Product 483",5.44,2025-11-26
"Lakin, Torp and Bernhard","Product 483",82.15,2026-04-23
Johnston-Herman,"Product 484",19.47,2026-04-23
Johnston-Herman,"Product 484",9.37,2026-04-20
Johnston-Herman,"Product 484",17.12,2026-04-20
Maggio-Gaylord,"Product 485",7.81,2026-04-20
Nicolas-Ryan,"Product 486",43.16,2025-07-14
Nicolas-Ryan,"Product 486",1.72,2026-04-20
Nicolas-Ryan,"Product 486",89.52,2026-04-20
"Ondricka, Rice and Homenick","Product 487",77.54,2026-04-20
"Larkin, Kuvalis and Blanda","Product 488",28.86,2025-02-10
"Larkin, Kuvalis and Blanda","Product 488",74.36,2025-03-21
Hauck-Harber,"Product 489",26.18,2025-12-01
Hauck-Harber,"Product 489",23.79,2026-04-23
Hauck-Harber,"Product 489",35.92,2026-04-20
Hauck-Harber,"Product 489",40.15,2026-04-20
"Durgan, Stiedemann and Konopelski","Product 490",70.67,2025-01-02
"Durgan, Stiedemann and Konopelski","Product 490",79.48,2025-06-23
"Durgan, Stiedemann and Konopelski","Product 490",24.32,2026-04-20
"McCullough, Waters and Shields","Product 491",98.23,2026-04-20
Flatley-Labadie,"Product 492",99.59,2025-06-02
Flatley-Labadie,"Product 492",63.13,2025-07-27
Flatley-Labadie,"Product 492",7.27,2026-04-23
Flatley-Labadie,"Product 492",20.96,2026-04-20
Flatley-Labadie,"Product 492",94.82,2026-04-20
"Kuvalis, Yundt and Swift","Product 493",55.99,2025-08-20
"Kuvalis, Yundt and Swift","Product 493",17.92,2025-10-23
"Price Ltd","Product 494",55.76,2026-04-23
"Price Ltd","Product 494",56.71,2026-04-20
"Price Ltd","Product 494",66.67,2026-04-20
Krajcik-Kerluke,"Product 495",24.47,2026-04-20
Krajcik-Kerluke,"Product 495",44.96,2026-04-20
"Auer Ltd","Product 496",77.62,2026-04-20
"Williamson Ltd","Product 497",66.84,2026-04-23
"Williamson Ltd","Product 497",1.88,2026-04-20
"Williamson Ltd","Product 497",52.14,2026-04-20
Kshlerin-Von,"Product 498",94.48,2025-12-13
Kshlerin-Von,"Product 498",5.75,2025-06-25
Kshlerin-Von,"Product 498",78.18,2026-04-23
Kshlerin-Von,"Product 498",24.16,2026-04-20
Kshlerin-Von,"Product 498",58.85,2026-04-20
Simonis-Turner,"Product 499",10.08,2025-11-14
Simonis-Turner,"Product 499",79.45,2025-03-15
Simonis-Turner,"Product 499",12.25,2026-04-20
"Hackett, Willms and Zieme","Product 500",50.91,2025-11-23
"Hackett, Willms and Zieme","Product 500",28.51,2025-09-05
"Hackett, Willms and Zieme","Product 500",30.93,2026-04-20
"Roob, Hudson and Lehner","Product 501",69.21,2026-04-20
"Roob, Hudson and Lehner","Product 501",67.64,2026-04-20
"Hackett, Crooks and Bernier","Product 502",87.18,2026-04-20
"Harris Ltd","Product 503",85.84,2026-04-23
"Thiel, Kirlin and Quigley","Product 504",28.99,2025-11-18
"Thiel, Kirlin and Quigley","Product 504",35.28,2026-04-23
Windler-Gleichner,"Product 505",58.43,2026-04-20
"Harris Ltd","Product 506",78.94,2026-04-23
Krajcik-Kerluke,"Product 507",19.79,2025-02-20
Krajcik-Kerluke,"Product 507",27.61,2026-04-23
Krajcik-Kerluke,"Product 507",5.54,2026-04-20
"Rice, Paucek and Kohler","Product 509",67.36,2026-04-20
"Rice, Paucek and Kohler","Product 509",62.35,2026-04-20
"Feest PLC","Product 510",3.78,2025-05-03
"Feest PLC","Product 510",53.69,2026-04-23
"Feest PLC","Product 510",12.65,2026-04-20
Windler-Gleichner,"Product 511",62.23,2025-09-25
Windler-Gleichner,"Product 511",2.38,2025-01-13
Windler-Gleichner,"Product 511",34.41,2026-04-20
"Jakubowski, Nolan and Ortiz","Product 512",61.91,2025-05-26
"Jakubowski, Nolan and Ortiz","Product 512",31.23,2025-03-22
"Jakubowski, Nolan and Ortiz","Product 512",63.31,2026-04-20
"Jakubowski, Nolan and Ortiz","Product 513",60.92,2025-02-17
"Williamson Ltd","Product 514",76.49,2025-09-27
"Williamson Ltd","Product 514",12.85,2025-07-07
"Williamson Ltd","Product 514",55.56,2026-04-20
"Williamson Ltd","Product 514",36.63,2026-04-20
Kozey-Donnelly,"Product 515",16.69,2025-02-07
Kozey-Donnelly,"Product 515",10.81,2026-04-23
Kozey-Donnelly,"Product 515",89.3,2026-04-20
"Williamson Ltd","Product 516",35.66,2025-08-01
"Williamson Ltd","Product 516",47.59,2026-04-23
"Williamson Ltd","Product 516",93.7,2026-04-20
"McCullough, Waters and Shields","Product 517",13.16,2025-04-26
"McCullough, Waters and Shields","Product 517",10.65,2025-05-11
"McCullough, Waters and Shields","Product 517",88.43,2026-04-20
"McCullough, Waters and Shields","Product 517",99.57,2026-04-20
"Feest PLC","Product 518",28.06,2026-04-23
"Feest PLC","Product 518",53.12,2026-04-20
"Feest PLC","Product 518",20.45,2026-04-20
"Ondricka and Sons","Product 519",91.02,2025-01-03
"Ondricka and Sons","Product 519",99.65,2025-01-23
"Ondricka and Sons","Product 519",16.62,2026-04-23
"Ondricka and Sons","Product 519",70.31,2026-04-20
"Ondricka and Sons","Product 519",32.32,2026-04-20
"Dietrich, Kirlin and Nikolaus","Product 520",63.13,2025-06-16
"Dietrich, Kirlin and Nikolaus","Product 520",72.81,2025-03-21
"Dietrich, Kirlin and Nikolaus","Product 520",45.24,2026-04-20
"Dietrich, Kirlin and Nikolaus","Product 520",77.41,2026-04-20
"Altenwerth LLC","Product 521",16.16,2025-12-05
"Altenwerth LLC","Product 521",69.12,2026-04-23
"Altenwerth LLC","Product 521",18.18,2026-04-20
"Altenwerth LLC","Product 521",84.6,2026-04-20
Johnston-Herman,"Product 522",60.27,2025-02-21
Johnston-Herman,"Product 522",39.67,2026-04-23
Johnston-Herman,"Product 522",73.16,2026-04-20
"Altenwerth LLC","Product 523",70.47,2025-08-12
"Altenwerth LLC","Product 523",64.59,2025-12-26
"Yost Inc","Product 524",73.45,2025-02-17
"Yost Inc","Product 524",46.18,2025-01-18
"Yost Inc","Product 524",55.91,2026-04-23
"Yost Inc","Product 524",49.06,2026-04-20
"Jakubowski, Nolan and Ortiz","Product 525",51.61,2025-03-22
"Jakubowski, Nolan and Ortiz","Product 525",22.59,2026-04-20
Flatley-Labadie,"Product 526",26.5,2025-01-17
Flatley-Labadie,"Product 526",39.46,2026-04-20
Flatley-Labadie,"Product 526",59.79,2026-04-20
"Kub Ltd","Product 527",66.8,2025-08-16
"Kub Ltd","Product 527",22.23,2026-04-20
"Kub Ltd","Product 527",87.79,2026-04-20
"Harris Ltd","Product 528",24.02,2026-04-20
Hauck-Harber,"Product 529",75.95,2026-04-20
Hauck-Harber,"Product 529",96.86,2026-04-20
"Thiel, Kirlin and Quigley","Product 530",72.42,2025-01-12
"Thiel, Kirlin and Quigley","Product 530",50.22,2026-04-20
"Thompson Inc","Product 531",33.95,2026-04-20
"Thompson Inc","Product 531",1.65,2026-04-20
Simonis-Turner,"Product 532",88.34,2025-02-27
Simonis-Turner,"Product 532",14.98,2026-04-20
"Kemmer, Gerlach and Becker","Product 533",12.34,2025-12-22
"Kemmer, Gerlach and Becker","Product 533",54.61,2026-04-23
"Thompson Inc","Product 535",19.13,2025-03-21
"Thompson Inc","Product 535",60.8,2026-04-20
"Thompson Inc","Product 535",26.88,2026-04-20
"Sanford, Beahan and Howell","Product 536",16.88,2025-12-01
"Sanford, Beahan and Howell","Product 536",66.37,2026-04-23
"Sanford, Beahan and Howell","Product 536",51.09,2026-04-20
"Sanford, Beahan and Howell","Product 536",33.63,2026-04-20
"Feest PLC","Product 537",77.68,2025-11-12
"Feest PLC","Product 537",49.52,2025-09-06
"Hackett, Willms and Zieme","Product 538",6.58,2025-08-04
"Hackett, Willms and Zieme","Product 538",13.73,2025-06-19
Krajcik-Kerluke,"Product 539",29.96,2025-04-14
Krajcik-Kerluke,"Product 539",43.92,2026-04-20
"Roob, Hudson and Lehner","Product 540",44.7,2025-09-12
"Hackett, Willms and Zieme","Product 541",54.09,2026-04-20
"Hackett, Willms and Zieme","Product 541",45.05,2026-04-20
"Williamson Ltd","Product 542",84.71,2025-07-08
"Hackett, Willms and Zieme","Product 543",67.83,2025-09-18
"Hackett, Willms and Zieme","Product 543",2.6,2025-02-08
"Altenwerth LLC","Product 544",91.38,2026-04-23
"Altenwerth LLC","Product 544",65.51,2026-04-20
"Williamson Ltd","Product 545",63.63,2026-04-23
"Lakin, Torp and Bernhard","Product 546",87.53,2025-02-20
"Lakin, Torp and Bernhard","Product 546",28.28,2026-04-20
"Lakin, Torp and Bernhard","Product 546",12.88,2026-04-20
"Thiel, Kirlin and Quigley","Product 547",86.84,2025-02-05
"Thiel, Kirlin and Quigley","Product 547",83.36,2025-08-25
"Thiel, Kirlin and Quigley","Product 547",94.21,2026-04-20
"Thiel, Kirlin and Quigley","Product 547",13.78,2026-04-20
Kshlerin-Von,"Product 548",98.49,2025-04-13
Kshlerin-Von,"Product 548",51.27,2026-04-23
Torphy-Lowe,"Product 549",73.07,2026-04-23
"Goodwin Ltd","Product 550",29.34,2026-04-20
"Altenwerth LLC","Product 551",2.11,2025-11-18
"Altenwerth LLC","Product 551",92.17,2025-09-26
"Altenwerth LLC","Product 551",68.01,2026-04-23
"Altenwerth LLC","Product 551",40.6,2026-04-20
"Altenwerth LLC","Product 551",91.71,2026-04-20
"Yundt, Hamill and Volkman","Product 552",92.48,2025-09-16
"Yundt, Hamill and Volkman","Product 552",48.03,2025-08-12
"Yundt, Hamill and Volkman","Product 552",62.11,2026-04-20
"Yundt, Hamill and Volkman","Product 552",6.76,2026-04-20
"Goodwin Ltd","Product 553",13.21,2025-07-06
"Goodwin Ltd","Product 553",53.78,2025-02-24
"Goodwin Ltd","Product 553",61.59,2026-04-20
"Goodwin Ltd","Product 553",32.52,2026-04-20
"Roob, Hudson and Lehner","Product 554",2.16,2025-05-11
"Roob, Hudson and Lehner","Product 554",14.12,2025-07-08
"Roob, Hudson and Lehner","Product 554",25.99,2026-04-23
"Roob, Hudson and Lehner","Product 554",48.93,2026-04-20
"Roob, Hudson and Lehner","Product 554",41.84,2026-04-20
"Yundt, Hamill and Volkman","Product 555",80,2025-02-01
"Yundt, Hamill and Volkman","Product 555",6.59,2026-04-20
"Yundt, Hamill and Volkman","Product 555",58.75,2026-04-20
"Kuvalis, Yundt and Swift","Product 556",9.19,2025-03-26
"Kuvalis, Yundt and Swift","Product 556",42.95,2026-04-20
Windler-Gleichner,"Product 557",68.04,2026-04-20
Windler-Gleichner,"Product 557",24.32,2026-04-20
"Schamberger and Sons","Product 558",16.29,2025-04-25
"Schamberger and Sons","Product 558",48.57,2026-04-23
"Schamberger and Sons","Product 558",63.82,2026-04-20
"Schamberger and Sons","Product 558",17,2026-04-20
Windler-Gleichner,"Product 559",45.3,2025-02-03
Windler-Gleichner,"Product 559",73.38,2025-12-12
Windler-Gleichner,"Product 559",12.93,2026-04-23
Windler-Gleichner,"Product 559",29.37,2026-04-20
"Altenwerth LLC","Product 560",59.41,2025-08-10
"Altenwerth LLC","Product 560",25.2,2026-04-23
"Nitzsche, Stark and Reilly","Product 561",93.35,2025-02-26
"Nitzsche, Stark and Reilly","Product 561",36.21,2025-07-12
"Nitzsche, Stark and Reilly","Product 561",53.5,2026-04-23
"Nitzsche, Stark and Reilly","Product 561",43.51,2026-04-20
"Nitzsche, Stark and Reilly","Product 561",84.05,2026-04-20
"Kub Ltd","Product 562",64.03,2026-04-23
"Kub Ltd","Product 562",27.08,2026-04-20
"Durgan, Stiedemann and Konopelski","Product 563",38.86,2026-04-23
"Durgan, Stiedemann and Konopelski","Product 563",81.65,2026-04-20
"Durgan, Stiedemann and Konopelski","Product 563",97.72,2026-04-20
Simonis-Turner,"Product 564",1.64,2026-04-23
Simonis-Turner,"Product 564",58.63,2026-04-20
Simonis-Turner,"Product 564",17.6,2026-04-20
Mante-Boyer,"Product 565",67.35,2025-08-09
Mante-Boyer,"Product 565",39.45,2026-04-23
Mante-Boyer,"Product 565",51.42,2026-04-20
"Kub Ltd","Product 566",73.78,2025-02-27
"Jakubowski, Nolan and Ortiz","Product 567",68.27,2026-04-23
"Jakubowski, Nolan and Ortiz","Product 567",30.01,2026-04-20
"Jakubowski, Nolan and Ortiz","Product 567",57.03,2026-04-20
"Lakin, Torp and Bernhard","Product 568",49.33,2025-06-26
"Lakin, Torp and Bernhard","Product 568",60.07,2026-04-20
"Lakin, Torp and Bernhard","Product 568",31.09,2026-04-20
Hauck-Harber,"Product 569",12.18,2025-11-10
Hauck-Harber,"Product 569",38.7,2026-04-23
Hauck-Harber,"Product 569",6.7,2026-04-20
"Kub Ltd","Product 571",71.36,2025-09-19
"Kub Ltd","Product 571",6.08,2026-04-23
"Kub Ltd","Product 571",95.26,2026-04-20
"Price Ltd","Product 572",4.48,2025-12-09
"Price Ltd","Product 572",93.6,2026-04-20
"Price Ltd","Product 572",5.36,2026-04-20
"Nitzsche, Stark and Reilly","Product 573",21.68,2025-11-23
"Nitzsche, Stark and Reilly","Product 573",42.71,2026-04-20
"Nitzsche, Stark and Reilly","Product 573",85.54,2026-04-20
Windler-Gleichner,"Product 574",84.87,2025-11-09
"Roob, Hudson and Lehner","Product 575",16.07,2026-04-23
"Roob, Hudson and Lehner","Product 575",79.33,2026-04-20
"Roob, Hudson and Lehner","Product 575",63.63,2026-04-20
Hauck-Harber,"Product 576",29.17,2025-01-11
Hauck-Harber,"Product 576",15.81,2026-04-23
"Ondricka, Rice and Homenick","Product 577",24.08,2025-01-27
"Ondricka, Rice and Homenick","Product 577",42.86,2026-04-23
"Ondricka, Rice and Homenick","Product 577",57.97,2026-04-20
"Ondricka, Rice and Homenick","Product 577",91.19,2026-04-20
"Crooks and Sons","Product 578",6.76,2026-04-20
"Sanford, Beahan and Howell","Product 579",23.47,2026-04-20
"Sanford, Beahan and Howell","Product 579",52.8,2026-04-20
"Williamson Ltd","Product 580",1.61,2026-04-23
"Williamson Ltd","Product 580",46.05,2026-04-20
"Williamson Ltd","Product 580",42.16,2026-04-20
"Hackett, Crooks and Bernier","Product 581",62.08,2025-09-02
"Hackett, Crooks and Bernier","Product 581",22.31,2026-04-20
Hauck-Harber,"Product 582",79.6,2025-01-25
"Roob, Hudson and Lehner","Product 583",4.35,2026-04-20
"Yost Inc","Product 584",5.74,2025-01-21
"Yost Inc","Product 584",6.66,2025-05-23
"Yost Inc","Product 584",55.87,2026-04-20
"Yost Inc","Product 584",67.93,2026-04-20
"Thiel, Kirlin and Quigley","Product 585",27.53,2026-04-23
"Thiel, Kirlin and Quigley","Product 585",45.69,2026-04-20
"Thompson Inc","Product 586",74.56,2026-04-23
"Thompson Inc","Product 586",9.02,2026-04-20
Wehner-Rempel,"Product 587",34.54,2025-06-06
Wehner-Rempel,"Product 587",44.56,2025-12-13
Wehner-Rempel,"Product 587",54.63,2026-04-23
Wehner-Rempel,"Product 587",39.63,2026-04-20
Wehner-Rempel,"Product 587",12.16,2026-04-20
"Thiel, Kirlin and Quigley","Product 588",69.96,2025-03-10
"Ondricka, Rice and Homenick","Product 589",57.43,2026-04-23
"Ondricka, Rice and Homenick","Product 589",72.74,2026-04-20
"Ondricka, Rice and Homenick","Product 589",90.5,2026-04-20
Kozey-Donnelly,"Product 590",5.19,2025-04-24
Kozey-Donnelly,"Product 590",11.33,2026-04-20
Kozey-Donnelly,"Product 590",52.81,2026-04-20
"Kub Ltd","Product 591",61.87,2025-03-18
"Kub Ltd","Product 591",72.75,2025-10-11
"Kub Ltd","Product 591",36.02,2026-04-20
"Crooks and Sons","Product 592",71.45,2026-04-23
"Crooks and Sons","Product 592",55.5,2026-04-20
"Crooks and Sons","Product 592",72.5,2026-04-20
"Crooks and Sons","Product 593",29.11,2025-12-27
"Crooks and Sons","Product 593",22.38,2025-12-28
"Crooks and Sons","Product 593",23.5,2026-04-20
"Thompson Inc","Product 594",51.36,2025-11-28
"Thompson Inc","Product 594",60.15,2026-04-20
"Altenwerth LLC","Product 595",47.25,2026-04-20
Kozey-Donnelly,"Product 596",23.97,2025-10-20
"Jakubowski, Nolan and Ortiz","Product 597",5.31,2026-04-23
"Jakubowski, Nolan and Ortiz","Product 597",47.11,2026-04-20
Reichert-Kautzer,"Product 598",92.34,2025-10-08
Reichert-Kautzer,"Product 598",18.48,2025-05-25
"Goodwin Ltd","Product 599",23.34,2025-08-09
"Goodwin Ltd","Product 599",8.61,2026-04-23
Torphy-Lowe,"Product 600",48.41,2025-11-25
Torphy-Lowe,"Product 600",41.72,2026-04-20
"Lakin, Torp and Bernhard","Product 601",10.19,2025-06-03
"Lakin, Torp and Bernhard","Product 601",34.05,2026-04-23
Torphy-Lowe,"Product 602",95.72,2025-03-13
Torphy-Lowe,"Product 602",24.94,2026-04-23
Torphy-Lowe,"Product 602",8.47,2026-04-20
Torphy-Lowe,"Product 602",61.67,2026-04-20
Nicolas-Ryan,"Product 603",25.25,2025-08-16
Nicolas-Ryan,"Product 603",27.22,2025-10-21
Nicolas-Ryan,"Product 603",26.24,2026-04-23
"Ondricka and Sons","Product 604",37.48,2025-11-20
"Ondricka and Sons","Product 604",99.13,2026-04-23
"Ondricka and Sons","Product 604",47.05,2026-04-20
"Ondricka and Sons","Product 604",40.2,2026-04-20
"Yundt, Hamill and Volkman","Product 605",75.35,2025-08-16
"Yundt, Hamill and Volkman","Product 605",89.99,2026-04-23
"Yundt, Hamill and Volkman","Product 605",76.03,2026-04-20
"Yundt, Hamill and Volkman","Product 605",28.17,2026-04-20
"Nitzsche, Stark and Reilly","Product 606",15.78,2025-03-23
"Nitzsche, Stark and Reilly","Product 606",31.28,2025-03-10
"Nitzsche, Stark and Reilly","Product 606",29.53,2026-04-20
"Nitzsche, Stark and Reilly","Product 606",46.38,2026-04-20
"Bernhard, Glover and Mayert","Product 607",20.61,2025-07-04
"Bernhard, Glover and Mayert","Product 607",89.26,2026-04-23
"Bernhard, Glover and Mayert","Product 607",7.82,2026-04-20
"Davis, Bogan and Dicki","Product 608",16.64,2025-03-05
"Davis, Bogan and Dicki","Product 608",79.41,2025-07-01
"Davis, Bogan and Dicki","Product 608",5.9,2026-04-20
Hauck-Harber,"Product 609",23.84,2026-04-20
Kshlerin-Von,"Product 610",13.5,2025-07-12
Kshlerin-Von,"Product 610",65.46,2026-04-20
"Larkin, Kuvalis and Blanda","Product 611",29.59,2025-01-03
"Larkin, Kuvalis and Blanda","Product 611",6.49,2025-01-19
"Larkin, Kuvalis and Blanda","Product 611",51.14,2026-04-23
Flatley-Labadie,"Product 612",57.71,2025-08-14
Flatley-Labadie,"Product 612",10.07,2025-03-03
Flatley-Labadie,"Product 612",59.52,2026-04-23
Flatley-Labadie,"Product 612",45.58,2026-04-20
"Goodwin Ltd","Product 613",1.95,2025-10-24
"Goodwin Ltd","Product 613",14.14,2026-04-23
"Goodwin Ltd","Product 613",39.64,2026-04-20
"Ondricka, Rice and Homenick","Product 614",51.8,2025-02-14
"Ondricka, Rice and Homenick","Product 614",12.76,2026-04-23
"Ondricka, Rice and Homenick","Product 614",26.39,2026-04-20
"Schamberger and Sons","Product 616",51.63,2025-12-13
"Schamberger and Sons","Product 616",43.11,2026-04-20
"Yost Inc","Product 617",20.2,2026-04-23
"Yost Inc","Product 617",70.86,2026-04-20
"Yost Inc","Product 617",61.28,2026-04-20
Maggio-Gaylord,"Product 618",31.88,2025-04-21
Maggio-Gaylord,"Product 618",39.48,2025-10-27
Maggio-Gaylord,"Product 618",74.74,2026-04-23
Maggio-Gaylord,"Product 618",25.15,2026-04-20
Maggio-Gaylord,"Product 618",55.05,2026-04-20
"Stiedemann, Feeney and Quigley","Product 619",10.23,2025-03-20
"Stiedemann, Feeney and Quigley","Product 619",61.08,2025-10-03
"Stiedemann, Feeney and Quigley","Product 619",46.18,2026-04-20
"Stiedemann, Feeney and Quigley","Product 619",91.69,2026-04-20
"Stiedemann, Feeney and Quigley","Product 620",17.71,2025-02-01
"Stiedemann, Feeney and Quigley","Product 620",22.22,2025-06-03
"Stiedemann, Feeney and Quigley","Product 620",44.06,2026-04-23
"Stiedemann, Feeney and Quigley","Product 620",44.87,2026-04-20
"Stiedemann, Feeney and Quigley","Product 620",93.34,2026-04-20
Maggio-Gaylord,"Product 621",42.9,2025-02-06
Maggio-Gaylord,"Product 621",45.43,2026-04-23
"Bernhard, Glover and Mayert","Product 622",88.12,2026-04-23
"Bernhard, Glover and Mayert","Product 622",29.75,2026-04-20
Olson-Walsh,"Product 623",17.78,2026-04-23
"Roob, Hudson and Lehner","Product 624",69.99,2026-04-20
"Roob, Hudson and Lehner","Product 624",28.95,2026-04-20
"Hackett, Crooks and Bernier","Product 625",29.89,2025-03-24
"Hackett, Crooks and Bernier","Product 625",95.03,2025-05-18
Kozey-Donnelly,"Product 626",49.45,2025-02-10
Kozey-Donnelly,"Product 626",43.05,2025-02-03
Kozey-Donnelly,"Product 626",49.86,2026-04-23
"Dietrich, Kirlin and Nikolaus","Product 627",79.07,2026-04-23
"Dietrich, Kirlin and Nikolaus","Product 627",66.25,2026-04-20
"Goodwin Ltd","Product 628",48.4,2025-12-02
"Goodwin Ltd","Product 628",60.69,2025-09-14
"Goodwin Ltd","Product 628",16.32,2026-04-23
"Goodwin Ltd","Product 628",80.82,2026-04-20
Windler-Gleichner,"Product 629",65.48,2025-08-12
Windler-Gleichner,"Product 629",16.78,2026-04-20
"Kuvalis, Yundt and Swift","Product 630",99.99,2025-12-20
"Kuvalis, Yundt and Swift","Product 630",1.28,2026-04-20
"Kuvalis, Yundt and Swift","Product 630",30.54,2026-04-20
"Sanford, Beahan and Howell","Product 631",4.55,2025-01-08
"Sanford, Beahan and Howell","Product 631",13.08,2026-04-23
"Sanford, Beahan and Howell","Product 631",3.43,2026-04-20
"Sanford, Beahan and Howell","Product 631",96.81,2026-04-20
"Goodwin Ltd","Product 632",51.43,2025-08-22
"Goodwin Ltd","Product 632",14.91,2025-02-18
"Goodwin Ltd","Product 632",38.38,2026-04-23
"Goodwin Ltd","Product 632",5.19,2026-04-20
"Ondricka LLC","Product 633",78.3,2026-04-23
"Ondricka LLC","Product 633",19.53,2026-04-20
Mante-Boyer,"Product 634",88.7,2026-04-23
Mante-Boyer,"Product 634",44.45,2026-04-20
Mante-Boyer,"Product 634",30.46,2026-04-20
"Kemmer, Gerlach and Becker","Product 635",13.32,2026-04-23
"Kemmer, Gerlach and Becker","Product 635",36.15,2026-04-20
"Kemmer, Gerlach and Becker","Product 635",73.77,2026-04-20
"Nitzsche, Stark and Reilly","Product 636",98.56,2025-11-19
"Nitzsche, Stark and Reilly","Product 636",30.08,2025-06-24
"Nitzsche, Stark and Reilly","Product 636",92.13,2026-04-23
"Nitzsche, Stark and Reilly","Product 636",61.73,2026-04-20
"Nitzsche, Stark and Reilly","Product 636",28.87,2026-04-20
Kshlerin-Von,"Product 637",25.21,2025-09-03
Kshlerin-Von,"Product 637",91.47,2026-04-23
Kshlerin-Von,"Product 637",53.89,2026-04-20
Kshlerin-Von,"Product 637",43.11,2026-04-20
Windler-Gleichner,"Product 638",26.3,2025-12-10
Windler-Gleichner,"Product 638",96.58,2025-07-27
Windler-Gleichner,"Product 638",70.11,2026-04-23
Wehner-Rempel,"Product 639",74.19,2025-02-01
Wehner-Rempel,"Product 639",84.46,2026-04-23
Wehner-Rempel,"Product 639",12.88,2026-04-20
Wehner-Rempel,"Product 639",97.92,2026-04-20
Krajcik-Kerluke,"Product 640",62.4,2025-09-15
Krajcik-Kerluke,"Product 640",27,2026-04-23
Krajcik-Kerluke,"Product 640",17.2,2026-04-20
"Bernhard, Glover and Mayert","Product 641",69.16,2025-09-22
"Bernhard, Glover and Mayert","Product 641",53.42,2025-12-27
"Bernhard, Glover and Mayert","Product 641",65.09,2026-04-23
"Bernhard, Glover and Mayert","Product 641",69.42,2026-04-20
"Lakin, Torp and Bernhard","Product 642",63.29,2026-04-20
Koss-Altenwerth,"Product 643",22.93,2025-04-18
Koss-Altenwerth,"Product 643",8.07,2025-12-11
Koss-Altenwerth,"Product 643",16.39,2026-04-23
Koss-Altenwerth,"Product 643",44.56,2026-04-20
"Harris Ltd","Product 645",85.96,2025-05-12
"Harris Ltd","Product 645",38.17,2025-12-20
"Harris Ltd","Product 645",51.07,2026-04-23
"Harris Ltd","Product 645",61.52,2026-04-20
"Harris Ltd","Product 645",93.44,2026-04-20
Flatley-Labadie,"Product 646",21.07,2025-08-10
Flatley-Labadie,"Product 646",87.42,2026-04-20
Koss-Altenwerth,"Product 647",70.55,2026-04-20
"Roob, Hudson and Lehner","Product 648",52.67,2026-04-20
"Ondricka and Sons","Product 649",28.52,2025-02-06
"Ondricka and Sons","Product 649",30.75,2025-05-28
"Ondricka and Sons","Product 649",98.38,2026-04-23
"Ondricka and Sons","Product 649",99.72,2026-04-20
"Ondricka and Sons","Product 649",79.32,2026-04-20
"Bernhard, Glover and Mayert","Product 650",78.04,2025-10-10
"Bernhard, Glover and Mayert","Product 650",45.49,2025-08-11
"Bernhard, Glover and Mayert","Product 650",14.63,2026-04-23
"Bernhard, Glover and Mayert","Product 650",12.74,2026-04-20
Windler-Gleichner,"Product 651",9.11,2025-06-15
Windler-Gleichner,"Product 651",71.62,2026-04-23
Windler-Gleichner,"Product 651",52.09,2026-04-20
Flatley-Labadie,"Product 652",24.09,2026-04-20
Flatley-Labadie,"Product 652",17.28,2026-04-20
"Goodwin Ltd","Product 653",29.75,2025-09-19
"Goodwin Ltd","Product 653",25.28,2025-03-01
"Goodwin Ltd","Product 653",5.21,2026-04-23
"Harris Ltd","Product 654",74.64,2025-08-18
"Harris Ltd","Product 654",17.5,2026-04-23
"Harris Ltd","Product 654",13.87,2026-04-20
"Harris Ltd","Product 654",55.25,2026-04-20
Kshlerin-Von,"Product 655",37.1,2026-04-23
Kshlerin-Von,"Product 655",72,2026-04-20
Kshlerin-Von,"Product 655",38.11,2026-04-20
"Crooks and Sons","Product 656",78.79,2025-07-26
"Crooks and Sons","Product 656",72.08,2026-04-20
"Kub Ltd","Product 657",86.52,2025-02-07
"Kub Ltd","Product 657",76.8,2026-04-23
"Kub Ltd","Product 657",20.89,2026-04-20
"Kub Ltd","Product 657",63.79,2026-04-20
"Thompson Inc","Product 658",19.74,2025-04-06
"Thompson Inc","Product 659",31.8,2026-04-23
"Thompson Inc","Product 659",13.8,2026-04-20
Simonis-Turner,"Product 660",18.46,2025-12-24
Simonis-Turner,"Product 660",44.56,2025-11-04
Simonis-Turner,"Product 660",79.8,2026-04-23
Simonis-Turner,"Product 660",86,2026-04-20
Simonis-Turner,"Product 660",75.45,2026-04-20
Olson-Walsh,"Product 661",16.77,2025-12-03
Olson-Walsh,"Product 661",22.6,2025-12-10
Olson-Walsh,"Product 661",26.52,2026-04-23
Maggio-Gaylord,"Product 662",14.95,2025-06-06
Maggio-Gaylord,"Product 662",95.42,2026-04-23
"Altenwerth LLC","Product 663",54.63,2025-07-28
"Altenwerth LLC","Product 663",9.77,2025-03-25
"Altenwerth LLC","Product 663",98.73,2026-04-23
"Altenwerth LLC","Product 663",3.9,2026-04-20
"Altenwerth LLC","Product 663",4.96,2026-04-20
"Dietrich, Kirlin and Nikolaus","Product 664",7.64,2026-04-23
"Dietrich, Kirlin and Nikolaus","Product 664",67.16,2026-04-20
"Dietrich, Kirlin and Nikolaus","Product 664",42.93,2026-04-20
"Stiedemann, Feeney and Quigley","Product 665",82.51,2026-04-23
"Stiedemann, Feeney and Quigley","Product 665",65.42,2026-04-20
"Nitzsche, Stark and Reilly","Product 666",92.88,2025-03-05
"Nitzsche, Stark and Reilly","Product 666",17.95,2026-04-23
"Nitzsche, Stark and Reilly","Product 666",45.57,2026-04-20
"Nitzsche, Stark and Reilly","Product 666",75.33,2026-04-20
"Harris Ltd","Product 667",98,2025-11-05
"Harris Ltd","Product 667",27.53,2025-01-24
"Harris Ltd","Product 667",58.43,2026-04-20
"Harris Ltd","Product 667",97.79,2026-04-20
Krajcik-Kerluke,"Product 668",42.8,2025-08-07
Krajcik-Kerluke,"Product 668",1.47,2025-06-16
Krajcik-Kerluke,"Product 668",38.15,2026-04-23
Krajcik-Kerluke,"Product 668",4.35,2026-04-20
Reichert-Kautzer,"Product 669",17.11,2025-04-12
Reichert-Kautzer,"Product 669",13.15,2025-07-25
"Roob, Hudson and Lehner","Product 670",91.23,2025-09-05
"Roob, Hudson and Lehner","Product 670",39.01,2026-04-20
Mante-Boyer,"Product 671",4.43,2025-04-25
Mante-Boyer,"Product 671",10.86,2025-03-20
"Crooks and Sons","Product 672",1.43,2025-07-13
"Crooks and Sons","Product 672",89.7,2026-04-23
"Crooks and Sons","Product 672",50.55,2026-04-20
"Crooks and Sons","Product 672",16.76,2026-04-20
"Durgan, Stiedemann and Konopelski","Product 673",69.64,2025-06-03
"Durgan, Stiedemann and Konopelski","Product 673",62.12,2025-05-12
"Durgan, Stiedemann and Konopelski","Product 673",52.75,2026-04-20
"Price Ltd","Product 674",67.94,2025-06-23
"Price Ltd","Product 674",16.77,2026-04-23
"Price Ltd","Product 674",50.91,2026-04-20
"Price Ltd","Product 674",86.33,2026-04-20
"Crooks and Sons","Product 675",86.13,2025-09-21
"Crooks and Sons","Product 675",48.6,2026-04-20
"Crooks and Sons","Product 675",81.82,2026-04-20
Maggio-Gaylord,"Product 676",39.68,2025-04-08
Maggio-Gaylord,"Product 676",61.14,2025-06-28
Maggio-Gaylord,"Product 676",84.54,2026-04-20
Maggio-Gaylord,"Product 676",39.04,2026-04-20
"Larkin, Kuvalis and Blanda","Product 677",41.05,2026-04-23
"Larkin, Kuvalis and Blanda","Product 677",72.89,2026-04-20
Maggio-Gaylord,"Product 679",97.36,2025-01-18
Maggio-Gaylord,"Product 679",15.65,2025-10-17
"Altenwerth LLC","Product 680",5.98,2025-09-16
"Altenwerth LLC","Product 680",70.97,2026-04-20
"Altenwerth LLC","Product 680",12.08,2026-04-20
"Kub Ltd","Product 681",83.5,2025-06-20
"Kub Ltd","Product 681",46.58,2025-09-10
"Kub Ltd","Product 681",65.83,2026-04-20
"Kub Ltd","Product 681",63.3,2026-04-20
"Bernhard, Glover and Mayert","Product 682",1.74,2025-01-23
"Bernhard, Glover and Mayert","Product 682",94.4,2025-08-16
"Bernhard, Glover and Mayert","Product 682",91.42,2026-04-20
"Bernhard, Glover and Mayert","Product 682",42.2,2026-04-20
Hauck-Harber,"Product 683",57.74,2026-04-20
Hauck-Harber,"Product 683",13.92,2026-04-20
"Thiel, Kirlin and Quigley","Product 684",61.26,2025-06-19
"Thiel, Kirlin and Quigley","Product 684",76.35,2025-10-21
"Thiel, Kirlin and Quigley","Product 684",13.72,2026-04-20
"McCullough, Waters and Shields","Product 685",98.33,2025-06-09
"McCullough, Waters and Shields","Product 685",44.47,2025-02-18
"McCullough, Waters and Shields","Product 685",47.69,2026-04-23
"McCullough, Waters and Shields","Product 685",77.23,2026-04-20
"McCullough, Waters and Shields","Product 685",80.7,2026-04-20
"Auer Ltd","Product 686",48.58,2025-04-02
"Auer Ltd","Product 686",3.7,2026-04-23
"Auer Ltd","Product 686",65.4,2026-04-20
"Auer Ltd","Product 686",59.72,2026-04-20
"Nitzsche, Stark and Reilly","Product 687",72.54,2026-04-23
"Nitzsche, Stark and Reilly","Product 687",47.53,2026-04-20
Krajcik-Kerluke,"Product 688",17.04,2026-04-23
Krajcik-Kerluke,"Product 688",9.35,2026-04-20
Kozey-Donnelly,"Product 689",52.68,2025-03-08
Kozey-Donnelly,"Product 689",93.12,2026-04-23
Kozey-Donnelly,"Product 689",28.76,2026-04-20
Kozey-Donnelly,"Product 689",54.93,2026-04-20
Flatley-Labadie,"Product 690",6.9,2026-04-23
Flatley-Labadie,"Product 690",99.2,2026-04-20
Flatley-Labadie,"Product 690",87.01,2026-04-20
"Hackett, Crooks and Bernier","Product 691",15.34,2026-04-23
"Hackett, Crooks and Bernier","Product 691",21.18,2026-04-20
"Hackett, Crooks and Bernier","Product 691",74.34,2026-04-20
"McCullough, Waters and Shields","Product 693",70.7,2025-11-10
"McCullough, Waters and Shields","Product 693",67.83,2026-04-23
"McCullough, Waters and Shields","Product 693",42.11,2026-04-20
"McCullough, Waters and Shields","Product 693",50.98,2026-04-20
"Kub Ltd","Product 694",78.16,2026-04-23
"Kub Ltd","Product 694",95.94,2026-04-20
"Yost Inc","Product 695",19.44,2025-08-10
"Yost Inc","Product 695",24,2026-04-23
"Yost Inc","Product 695",65.31,2026-04-20
"McCullough, Waters and Shields","Product 696",16.99,2026-04-20
"Stiedemann, Feeney and Quigley","Product 697",42.01,2025-07-01
"Stiedemann, Feeney and Quigley","Product 697",52.46,2025-12-01
"Stiedemann, Feeney and Quigley","Product 697",86.88,2026-04-20
"Kub Ltd","Product 698",73.35,2025-02-19
"Kub Ltd","Product 698",97.39,2026-04-23
"Kub Ltd","Product 698",98.84,2026-04-20
Kozey-Donnelly,"Product 699",32.19,2025-06-09
Kozey-Donnelly,"Product 699",47.93,2025-02-28
Kozey-Donnelly,"Product 699",79.77,2026-04-23
"Lakin, Torp and Bernhard","Product 700",95.39,2025-02-13
"Lakin, Torp and Bernhard","Product 700",12.61,2026-04-23
Simonis-Turner,"Product 701",84.37,2025-01-19
Simonis-Turner,"Product 701",46.76,2025-01-09
Simonis-Turner,"Product 701",69.19,2026-04-20
Simonis-Turner,"Product 701",34.75,2026-04-20
Olson-Walsh,"Product 702",41.15,2025-04-19
Olson-Walsh,"Product 702",11.9,2025-06-24
Olson-Walsh,"Product 702",83.04,2026-04-23
Olson-Walsh,"Product 702",4.49,2026-04-20
"Kemmer, Gerlach and Becker","Product 703",18.07,2025-01-07
"Kemmer, Gerlach and Becker","Product 703",35.1,2026-04-23
"Kemmer, Gerlach and Becker","Product 703",95.9,2026-04-20
"Dietrich, Kirlin and Nikolaus","Product 704",69.74,2025-10-07
"Dietrich, Kirlin and Nikolaus","Product 704",9.42,2025-02-15
"Dietrich, Kirlin and Nikolaus","Product 704",98.85,2026-04-20
"Crooks and Sons","Product 705",2.19,2026-04-20
"Crooks and Sons","Product 705",91.42,2026-04-20
Koss-Altenwerth,"Product 706",99.39,2026-04-20
Koss-Altenwerth,"Product 706",32.13,2026-04-20
Kozey-Donnelly,"Product 707",90.51,2025-04-08
Kozey-Donnelly,"Product 707",29.53,2025-06-25
Kozey-Donnelly,"Product 707",64,2026-04-20
Kozey-Donnelly,"Product 707",22.7,2026-04-20
Koss-Altenwerth,"Product 708",75.71,2025-04-02
Koss-Altenwerth,"Product 708",95.78,2025-09-14
Koss-Altenwerth,"Product 708",56.65,2026-04-23
Koss-Altenwerth,"Product 708",18.37,2026-04-20
Koss-Altenwerth,"Product 708",87.62,2026-04-20
Hauck-Harber,"Product 709",55.22,2025-10-15
Hauck-Harber,"Product 709",94.85,2025-02-25
Hauck-Harber,"Product 709",95.49,2026-04-23
Hauck-Harber,"Product 709",43.25,2026-04-20
"Altenwerth LLC","Product 711",39.15,2025-07-15
"Altenwerth LLC","Product 711",68.59,2026-04-23
"Altenwerth LLC","Product 711",59.28,2026-04-20
"Davis, Bogan and Dicki","Product 712",33.81,2025-07-14
Krajcik-Kerluke,"Product 713",58.04,2025-01-27
Krajcik-Kerluke,"Product 713",71.24,2026-04-23
Krajcik-Kerluke,"Product 713",42.27,2026-04-20
"Ondricka LLC","Product 714",11.53,2025-05-15
"Ondricka LLC","Product 714",92.53,2026-04-23
"Ondricka LLC","Product 714",70.41,2026-04-20
"Ondricka LLC","Product 714",14.13,2026-04-20
"Feest PLC","Product 715",13.59,2025-02-15
"Feest PLC","Product 715",56.4,2026-04-23
"Feest PLC","Product 715",63.29,2026-04-20
"Feest PLC","Product 715",28.14,2026-04-20
Olson-Walsh,"Product 716",24.6,2025-05-01
Olson-Walsh,"Product 716",1.08,2025-08-02
Olson-Walsh,"Product 716",67.57,2026-04-20
Torphy-Lowe,"Product 717",97.67,2025-02-03
Torphy-Lowe,"Product 717",1.93,2026-04-23
"Ondricka LLC","Product 718",41.65,2025-03-04
"Ondricka LLC","Product 718",84.1,2025-04-19
Wehner-Rempel,"Product 719",31.07,2026-04-23
Wehner-Rempel,"Product 719",15.61,2026-04-20
"Nitzsche, Stark and Reilly","Product 720",92.83,2026-04-23
"Nitzsche, Stark and Reilly","Product 720",13.91,2026-04-20
"Nitzsche, Stark and Reilly","Product 720",23.09,2026-04-20
"Hackett, Crooks and Bernier","Product 721",63.46,2025-03-24
"Hackett, Crooks and Bernier","Product 721",38.24,2025-11-06
"Yundt, Hamill and Volkman","Product 722",68.87,2025-04-01
"Yundt, Hamill and Volkman","Product 722",4.35,2026-04-23
"Yundt, Hamill and Volkman","Product 722",49.68,2026-04-20
"Kemmer, Gerlach and Becker","Product 723",80.3,2025-11-01
"Kemmer, Gerlach and Becker","Product 723",45.27,2025-09-22
"Kemmer, Gerlach and Becker","Product 723",12.63,2026-04-23
"Kemmer, Gerlach and Becker","Product 723",36.7,2026-04-20
"Rice, Paucek and Kohler","Product 724",58.38,2026-04-23
"Rice, Paucek and Kohler","Product 724",38.18,2026-04-20
"Rice, Paucek and Kohler","Product 724",77.45,2026-04-20
"Harris Ltd","Product 725",45.06,2026-04-20
"McCullough, Waters and Shields","Product 726",60.81,2025-03-09
"McCullough, Waters and Shields","Product 726",60.07,2025-10-22
"McCullough, Waters and Shields","Product 726",34.77,2026-04-20
"Larkin, Kuvalis and Blanda","Product 727",26.13,2026-04-23
"Larkin, Kuvalis and Blanda","Product 727",60.25,2026-04-20
Simonis-Turner,"Product 729",23.66,2025-09-11
Simonis-Turner,"Product 729",93.67,2026-04-20
Torphy-Lowe,"Product 730",29.37,2025-09-13
Torphy-Lowe,"Product 730",98.33,2026-04-23
Torphy-Lowe,"Product 730",25.69,2026-04-20
"Kub Ltd","Product 732",71.55,2025-10-24
"Kub Ltd","Product 732",84.92,2025-12-13
"Kub Ltd","Product 732",99.27,2026-04-23
"Kub Ltd","Product 732",65.61,2026-04-20
"Kub Ltd","Product 732",55.21,2026-04-20
Windler-Gleichner,"Product 733",85.25,2026-04-23
Windler-Gleichner,"Product 733",44.95,2026-04-20
Windler-Gleichner,"Product 733",92.74,2026-04-20
"Yundt, Hamill and Volkman","Product 734",19.24,2025-06-15
"Yundt, Hamill and Volkman","Product 734",96.42,2025-05-27
"Yundt, Hamill and Volkman","Product 734",66.37,2026-04-20
"Yundt, Hamill and Volkman","Product 734",41.4,2026-04-20
"Altenwerth LLC","Product 735",24.15,2026-04-23
"Altenwerth LLC","Product 735",23.66,2026-04-20
Torphy-Lowe,"Product 736",74.05,2025-07-09
Torphy-Lowe,"Product 736",73.78,2025-12-28
"Price Ltd","Product 737",94.16,2026-04-20
"Davis, Bogan and Dicki","Product 738",5.82,2026-04-20
"Davis, Bogan and Dicki","Product 738",60.98,2026-04-20
"Davis, Bogan and Dicki","Product 739",79.42,2026-04-23
"Davis, Bogan and Dicki","Product 739",20.72,2026-04-20
"Davis, Bogan and Dicki","Product 739",85.97,2026-04-20
"Nitzsche, Stark and Reilly","Product 740",37.64,2025-04-25
"Nitzsche, Stark and Reilly","Product 740",52.15,2025-08-06
"Nitzsche, Stark and Reilly","Product 740",56.52,2026-04-20
"Crooks and Sons","Product 741",41.44,2026-04-23
"Bernhard, Glover and Mayert","Product 742",5.84,2025-11-16
"Bernhard, Glover and Mayert","Product 742",4.76,2025-02-05
"Bernhard, Glover and Mayert","Product 742",40.37,2026-04-23
"Bernhard, Glover and Mayert","Product 742",73.12,2026-04-20
"Bernhard, Glover and Mayert","Product 742",16.5,2026-04-20
Mante-Boyer,"Product 743",90.81,2025-08-09
Mante-Boyer,"Product 743",56.12,2025-03-16
Mante-Boyer,"Product 743",73.81,2026-04-20
"Hackett, Willms and Zieme","Product 744",70.54,2025-11-15
"Hackett, Willms and Zieme","Product 744",24.43,2025-04-05
"Auer Ltd","Product 745",49.22,2025-08-21
"Auer Ltd","Product 745",64.3,2026-04-23
Reichert-Kautzer,"Product 746",4.17,2025-01-15
"Dietrich, Kirlin and Nikolaus","Product 747",81.37,2026-04-23
"Dietrich, Kirlin and Nikolaus","Product 747",11.02,2026-04-20
"Feest PLC","Product 748",50.91,2025-09-17
Torphy-Lowe,"Product 749",38.96,2025-09-14
"Roob, Hudson and Lehner","Product 750",90.38,2025-12-20
Wehner-Rempel,"Product 751",13.43,2026-04-23
"Crooks and Sons","Product 752",18.11,2025-11-20
"Crooks and Sons","Product 752",57.11,2025-10-06
"Crooks and Sons","Product 752",53.37,2026-04-20
"Crooks and Sons","Product 752",23.07,2026-04-20
Olson-Walsh,"Product 753",22.93,2025-10-15
Olson-Walsh,"Product 753",36.24,2026-04-20
"Thompson Inc","Product 754",89.03,2025-11-11
"Thompson Inc","Product 754",50.73,2025-01-04
"Thompson Inc","Product 754",67.35,2026-04-20
Maggio-Gaylord,"Product 755",33.04,2025-12-21
Maggio-Gaylord,"Product 755",24.82,2025-06-08
Maggio-Gaylord,"Product 755",65.89,2026-04-20
Koss-Altenwerth,"Product 756",90.84,2025-08-04
Koss-Altenwerth,"Product 756",96.03,2025-05-28
Koss-Altenwerth,"Product 756",34.46,2026-04-20
"Yundt, Hamill and Volkman","Product 757",72.08,2026-04-23
"Yundt, Hamill and Volkman","Product 757",46.73,2026-04-20
"McCullough, Waters and Shields","Product 758",36.95,2025-01-18
"McCullough, Waters and Shields","Product 758",22.67,2026-04-20
"Thiel, Kirlin and Quigley","Product 759",49.71,2025-02-21
"Thiel, Kirlin and Quigley","Product 759",90.64,2025-03-28
"Thiel, Kirlin and Quigley","Product 759",90.48,2026-04-23
"Thiel, Kirlin and Quigley","Product 759",33.56,2026-04-20
"Thiel, Kirlin and Quigley","Product 759",59.04,2026-04-20
"Larkin, Kuvalis and Blanda","Product 760",53.17,2026-04-23
"Davis, Bogan and Dicki","Product 761",56.81,2026-04-20
"Nitzsche, Stark and Reilly","Product 762",61.28,2026-04-23
"Nitzsche, Stark and Reilly","Product 762",45.21,2026-04-20
"Harris Ltd","Product 763",46.03,2025-01-11
"Harris Ltd","Product 763",99.84,2026-04-23
"Yundt, Hamill and Volkman","Product 764",63.98,2026-04-23
"Yundt, Hamill and Volkman","Product 764",60.72,2026-04-20
"Ondricka LLC","Product 765",59.55,2026-04-20
"Larkin, Kuvalis and Blanda","Product 766",43.29,2025-02-16
"Larkin, Kuvalis and Blanda","Product 766",86.96,2026-04-23
"Larkin, Kuvalis and Blanda","Product 766",87.12,2026-04-20
"Larkin, Kuvalis and Blanda","Product 766",17.25,2026-04-20
Simonis-Turner,"Product 767",55.95,2026-04-20
"Schamberger and Sons","Product 768",34.15,2026-04-23
"Schamberger and Sons","Product 768",38.8,2026-04-20
"Yost Inc","Product 769",43.21,2025-06-19
"Yost Inc","Product 769",48.69,2025-11-10
"Yost Inc","Product 769",40.13,2026-04-23
"Yost Inc","Product 769",76.27,2026-04-20
"Yost Inc","Product 769",26.88,2026-04-20
Krajcik-Kerluke,"Product 770",6.85,2025-02-02
Krajcik-Kerluke,"Product 770",11.07,2026-04-23
Krajcik-Kerluke,"Product 770",39.62,2026-04-20
Wehner-Rempel,"Product 771",91.26,2025-03-20
"Williamson Ltd","Product 772",95.42,2025-01-15
"Williamson Ltd","Product 772",53.86,2025-09-16
"Williamson Ltd","Product 772",51.58,2026-04-23
"Kemmer, Gerlach and Becker","Product 773",31.92,2025-09-10
"Kemmer, Gerlach and Becker","Product 773",58.91,2026-04-20
"Kemmer, Gerlach and Becker","Product 773",99.21,2026-04-20
Simonis-Turner,"Product 774",17.31,2025-12-19
Simonis-Turner,"Product 774",10.36,2026-04-23
Simonis-Turner,"Product 774",4.43,2026-04-20
Simonis-Turner,"Product 774",92.86,2026-04-20
"Hackett, Willms and Zieme","Product 775",42.89,2025-07-17
"Hackett, Willms and Zieme","Product 775",48.18,2025-02-23
"Hackett, Willms and Zieme","Product 775",38.81,2026-04-23
"Hackett, Willms and Zieme","Product 775",44.1,2026-04-20
"Hackett, Willms and Zieme","Product 775",44.42,2026-04-20
"Thompson Inc","Product 776",61.84,2025-04-14
"Thompson Inc","Product 776",82.52,2025-09-05
"Thompson Inc","Product 776",41.83,2026-04-20
"Schamberger and Sons","Product 777",71.39,2026-04-23
"Schamberger and Sons","Product 777",93.38,2026-04-20
"Schamberger and Sons","Product 777",52.28,2026-04-20
"Dietrich, Kirlin and Nikolaus","Product 778",27.48,2025-07-08
"Dietrich, Kirlin and Nikolaus","Product 778",32.93,2026-04-23
"Dietrich, Kirlin and Nikolaus","Product 778",58.34,2026-04-20
"Yundt, Hamill and Volkman","Product 779",36.75,2025-07-18
"Yundt, Hamill and Volkman","Product 779",63.16,2025-04-12
"Yundt, Hamill and Volkman","Product 779",51.89,2026-04-20
"Stiedemann, Feeney and Quigley","Product 780",62.68,2025-10-18
"Stiedemann, Feeney and Quigley","Product 780",47.18,2025-06-21
"Stiedemann, Feeney and Quigley","Product 780",92.07,2026-04-20
"Stiedemann, Feeney and Quigley","Product 780",66.46,2026-04-20
"Price Ltd","Product 781",62.74,2025-03-06
"Price Ltd","Product 781",95.57,2026-04-23
"Kuvalis, Yundt and Swift","Product 782",39.12,2025-08-16
"Kuvalis, Yundt and Swift","Product 782",60.52,2025-10-05
"Kuvalis, Yundt and Swift","Product 782",27.85,2026-04-20
Maggio-Gaylord,"Product 783",49.44,2025-06-02
Maggio-Gaylord,"Product 783",78.56,2025-02-25
Maggio-Gaylord,"Product 783",73.66,2026-04-20
Koss-Altenwerth,"Product 784",14.82,2025-10-07
Koss-Altenwerth,"Product 784",32.29,2025-12-14
"Roob, Hudson and Lehner","Product 786",54.14,2025-06-09
"Roob, Hudson and Lehner","Product 786",77.61,2025-12-11
"Roob, Hudson and Lehner","Product 786",33.58,2026-04-20
"Nitzsche, Stark and Reilly","Product 787",47.38,2025-03-17
"Nitzsche, Stark and Reilly","Product 787",65.31,2026-04-23
Olson-Walsh,"Product 788",15.97,2026-04-20
"Ondricka, Rice and Homenick","Product 789",39.16,2026-04-20
"Williamson Ltd","Product 790",54.41,2025-10-08
"Goodwin Ltd","Product 791",17.69,2025-12-15
"Goodwin Ltd","Product 791",76.82,2026-04-23
"Feest PLC","Product 792",41.22,2025-04-19
"Feest PLC","Product 792",30.83,2025-07-03
"Feest PLC","Product 792",74.4,2026-04-20
"Hackett, Crooks and Bernier","Product 793",18.12,2025-05-17
"Hackett, Crooks and Bernier","Product 793",62.95,2026-04-20
"Hackett, Crooks and Bernier","Product 793",70.98,2026-04-20
Simonis-Turner,"Product 794",8.24,2025-09-25
Simonis-Turner,"Product 794",12.59,2025-09-28
"Yundt, Hamill and Volkman","Product 795",98.36,2026-04-23
"Schamberger and Sons","Product 796",60.07,2025-03-21
"Schamberger and Sons","Product 796",91.12,2025-02-12
"Schamberger and Sons","Product 796",91,2026-04-20
"McCullough, Waters and Shields","Product 797",2.31,2025-08-12
"McCullough, Waters and Shields","Product 797",29.55,2026-04-23
"Price Ltd","Product 798",52.67,2026-04-23
Reichert-Kautzer,"Product 799",29.22,2025-02-03
Reichert-Kautzer,"Product 799",96.18,2025-10-09
Johnston-Herman,"Product 800",9.1,2025-07-08
"McCullough, Waters and Shields","Product 801",54.15,2025-08-14
"McCullough, Waters and Shields","Product 801",96.77,2025-11-02
"McCullough, Waters and Shields","Product 801",49.87,2026-04-23
"Lakin, Torp and Bernhard","Product 802",76.68,2025-05-10
"Lakin, Torp and Bernhard","Product 802",40.84,2025-07-13
"Lakin, Torp and Bernhard","Product 802",95.03,2026-04-20
Torphy-Lowe,"Product 803",22.01,2025-06-11
Torphy-Lowe,"Product 803",94.36,2025-03-23
Torphy-Lowe,"Product 803",60.24,2026-04-20
Torphy-Lowe,"Product 803",53.11,2026-04-20
"Williamson Ltd","Product 804",75.54,2026-04-23
"Williamson Ltd","Product 804",23.07,2026-04-20
"Williamson Ltd","Product 804",34.01,2026-04-20
Reichert-Kautzer,"Product 805",86.21,2026-04-23
Reichert-Kautzer,"Product 805",42.06,2026-04-20
Reichert-Kautzer,"Product 805",78.88,2026-04-20
Kozey-Donnelly,"Product 806",1.15,2025-08-26
Kozey-Donnelly,"Product 806",31.29,2025-03-12
Kozey-Donnelly,"Product 806",81.85,2026-04-23
Kozey-Donnelly,"Product 806",53.18,2026-04-20
"Ondricka and Sons","Product 807",15.66,2025-02-22
"Ondricka and Sons","Product 807",61.02,2026-04-23
"Jakubowski, Nolan and Ortiz","Product 808",87.3,2025-03-20
"Jakubowski, Nolan and Ortiz","Product 808",53.33,2025-03-04
"Jakubowski, Nolan and Ortiz","Product 808",74.36,2026-04-23
"Jakubowski, Nolan and Ortiz","Product 808",82.7,2026-04-20
"Jakubowski, Nolan and Ortiz","Product 808",46.69,2026-04-20
"Jakubowski, Nolan and Ortiz","Product 809",98.14,2025-08-13
"Jakubowski, Nolan and Ortiz","Product 809",50.34,2025-09-09
"Jakubowski, Nolan and Ortiz","Product 809",58.31,2026-04-23
Krajcik-Kerluke,"Product 810",3.22,2025-10-27
Krajcik-Kerluke,"Product 810",16.72,2026-04-23
Krajcik-Kerluke,"Product 810",5.72,2026-04-20
"Yost Inc","Product 811",16.35,2025-10-26
"Yost Inc","Product 811",49.31,2025-11-11
"Yost Inc","Product 811",68.89,2026-04-20
Maggio-Gaylord,"Product 812",28.96,2025-09-23
Maggio-Gaylord,"Product 812",84.68,2026-04-23
"Yost Inc","Product 813",3.62,2025-04-01
"Yost Inc","Product 813",8.76,2025-06-09
"Yost Inc","Product 813",13.41,2026-04-23
"Yost Inc","Product 813",57.27,2026-04-20
"Yost Inc","Product 813",74.58,2026-04-20
"Jakubowski, Nolan and Ortiz","Product 814",14.12,2025-07-07
"Jakubowski, Nolan and Ortiz","Product 814",92.89,2025-09-20
"Jakubowski, Nolan and Ortiz","Product 814",56.63,2026-04-23
"Jakubowski, Nolan and Ortiz","Product 814",21.12,2026-04-20
"Jakubowski, Nolan and Ortiz","Product 814",66.77,2026-04-20
Johnston-Herman,"Product 815",68.9,2026-04-23
Johnston-Herman,"Product 815",71.17,2026-04-20
"Kub Ltd","Product 816",14.52,2025-06-05
"Kub Ltd","Product 816",8.26,2025-09-13
"Kub Ltd","Product 816",98.69,2026-04-20
"Crooks and Sons","Product 817",13.01,2025-04-13
"Crooks and Sons","Product 817",96.22,2025-03-20
"Crooks and Sons","Product 817",66.03,2026-04-23
Nicolas-Ryan,"Product 818",99.77,2026-04-23
Nicolas-Ryan,"Product 818",17.74,2026-04-20
Nicolas-Ryan,"Product 818",88.37,2026-04-20
"Stiedemann, Feeney and Quigley","Product 819",11.38,2025-01-04
"Stiedemann, Feeney and Quigley","Product 819",24.81,2026-04-20
"Goodwin Ltd","Product 820",11.3,2025-11-09
"Goodwin Ltd","Product 820",27.94,2025-11-21
"Goodwin Ltd","Product 820",76.93,2026-04-23
"Altenwerth LLC","Product 821",35.12,2026-04-20
"Altenwerth LLC","Product 821",24.07,2026-04-20
"Goodwin Ltd","Product 822",47.01,2025-01-24
"Goodwin Ltd","Product 822",36.06,2026-04-23
"Goodwin Ltd","Product 822",68.54,2026-04-20
"Kub Ltd","Product 823",5.53,2025-01-23
"Goodwin Ltd","Product 824",7.98,2025-01-01
"Goodwin Ltd","Product 824",26.43,2026-04-23
"Thiel, Kirlin and Quigley","Product 825",27.15,2026-04-23
"Roob, Hudson and Lehner","Product 826",50.51,2025-02-14
"Thompson Inc","Product 827",91.38,2026-04-23
"Thompson Inc","Product 827",54.02,2026-04-20
"Thiel, Kirlin and Quigley","Product 828",79.21,2026-04-23
"Ondricka and Sons","Product 829",69.69,2025-12-13
"Ondricka and Sons","Product 829",37.2,2025-05-24
"Yundt, Hamill and Volkman","Product 831",92.08,2025-05-16
"Yundt, Hamill and Volkman","Product 831",77.83,2025-04-24
"Yundt, Hamill and Volkman","Product 831",38.09,2026-04-20
"Jakubowski, Nolan and Ortiz","Product 832",67.86,2025-04-26
"Jakubowski, Nolan and Ortiz","Product 832",81.04,2025-08-11
"Jakubowski, Nolan and Ortiz","Product 832",80.75,2026-04-23
"Jakubowski, Nolan and Ortiz","Product 832",38.76,2026-04-20
"Jakubowski, Nolan and Ortiz","Product 832",67.69,2026-04-20
"Price Ltd","Product 833",45.99,2025-08-02
"Price Ltd","Product 833",33.93,2025-11-01
"Price Ltd","Product 833",59.56,2026-04-23
"Price Ltd","Product 833",24.5,2026-04-20
"Price Ltd","Product 833",55.62,2026-04-20
Reichert-Kautzer,"Product 834",66.2,2026-04-23
Reichert-Kautzer,"Product 835",38.33,2025-10-19
"Yundt, Hamill and Volkman","Product 837",70.09,2025-10-20
"Yundt, Hamill and Volkman","Product 837",21.56,2025-10-19
Kshlerin-Von,"Product 838",12.69,2026-04-23
Kshlerin-Von,"Product 838",80.42,2026-04-20
Kshlerin-Von,"Product 838",84.13,2026-04-20
"Crooks and Sons","Product 839",25.35,2026-04-23
"Crooks and Sons","Product 839",85.93,2026-04-20
Hauck-Harber,"Product 840",49,2026-04-20
"Hackett, Crooks and Bernier","Product 841",87.77,2025-08-19
"Hackett, Crooks and Bernier","Product 841",52.03,2025-03-18
"Hackett, Crooks and Bernier","Product 841",74.38,2026-04-20
"Williamson Ltd","Product 842",51.05,2025-06-14
"Williamson Ltd","Product 842",13.47,2026-04-23
Maggio-Gaylord,"Product 843",53.57,2026-04-20
Maggio-Gaylord,"Product 843",96.87,2026-04-20
"Price Ltd","Product 844",70.47,2025-08-28
"Price Ltd","Product 844",24.62,2026-04-20
"Price Ltd","Product 844",1.9,2026-04-20
"Feest PLC","Product 845",95.38,2026-04-20
"Feest PLC","Product 845",3.3,2026-04-20
"Price Ltd","Product 846",55.99,2026-04-23
"Roob, Hudson and Lehner","Product 847",4.65,2026-04-23
"Roob, Hudson and Lehner","Product 847",50.03,2026-04-20
"Crooks and Sons","Product 849",91.49,2025-04-07
"Crooks and Sons","Product 849",67.81,2026-04-20
"McCullough, Waters and Shields","Product 850",23.83,2025-06-23
"McCullough, Waters and Shields","Product 850",67.54,2026-04-23
"Schamberger and Sons","Product 851",32.9,2025-10-20
"Schamberger and Sons","Product 851",99.53,2026-04-20
"Crooks and Sons","Product 852",59.2,2025-07-08
"Crooks and Sons","Product 852",3.86,2025-07-01
"Lakin, Torp and Bernhard","Product 853",39.38,2025-09-22
"Lakin, Torp and Bernhard","Product 853",53.06,2025-09-03
Olson-Walsh,"Product 854",74.5,2025-08-17
Olson-Walsh,"Product 854",64.28,2025-01-09
Olson-Walsh,"Product 854",29.24,2026-04-20
Olson-Walsh,"Product 854",25.16,2026-04-20
"Kuvalis, Yundt and Swift","Product 855",79.81,2026-04-20
"Larkin, Kuvalis and Blanda","Product 856",37.72,2025-12-07
"Larkin, Kuvalis and Blanda","Product 856",26.3,2025-01-13
"Larkin, Kuvalis and Blanda","Product 856",32.08,2026-04-20
"Larkin, Kuvalis and Blanda","Product 856",54.86,2026-04-20
Windler-Gleichner,"Product 857",92.33,2025-08-06
Windler-Gleichner,"Product 857",83.87,2025-04-16
Windler-Gleichner,"Product 857",67.32,2026-04-20
Windler-Gleichner,"Product 857",87.82,2026-04-20
"Roob, Hudson and Lehner","Product 858",7.48,2025-07-16
"Roob, Hudson and Lehner","Product 858",84.98,2025-07-12
"Roob, Hudson and Lehner","Product 858",87.91,2026-04-23
Maggio-Gaylord,"Product 859",76.26,2026-04-23
Flatley-Labadie,"Product 860",13.1,2025-06-21
Flatley-Labadie,"Product 860",89.91,2026-04-20
Flatley-Labadie,"Product 860",36.23,2026-04-20
Windler-Gleichner,"Product 861",79.21,2025-07-24
Windler-Gleichner,"Product 861",37.09,2025-10-16
Windler-Gleichner,"Product 861",4.24,2026-04-23
"Sanford, Beahan and Howell","Product 862",61.85,2026-04-23
"Jakubowski, Nolan and Ortiz","Product 863",91.9,2025-06-05
"Jakubowski, Nolan and Ortiz","Product 863",60.67,2025-09-14
"Jakubowski, Nolan and Ortiz","Product 863",45.19,2026-04-23
"Jakubowski, Nolan and Ortiz","Product 863",96.7,2026-04-20
"Price Ltd","Product 864",18.58,2025-03-02
"Price Ltd","Product 864",70.93,2025-06-12
"Price Ltd","Product 864",17.16,2026-04-23
"Price Ltd","Product 864",55.57,2026-04-20
"Price Ltd","Product 864",44.49,2026-04-20
"Crooks and Sons","Product 865",13.95,2026-04-23
Krajcik-Kerluke,"Product 866",94.03,2025-07-12
Krajcik-Kerluke,"Product 866",76.93,2026-04-23
"Williamson Ltd","Product 867",48.01,2025-09-05
"Williamson Ltd","Product 867",93.7,2025-09-10
"Williamson Ltd","Product 867",17.24,2026-04-23
"Williamson Ltd","Product 867",16.22,2026-04-20
"Williamson Ltd","Product 867",24.98,2026-04-20
"Yost Inc","Product 868",59.77,2026-04-23
"Yost Inc","Product 868",73.2,2026-04-20
"Dietrich, Kirlin and Nikolaus","Product 870",57.55,2025-02-24
"Dietrich, Kirlin and Nikolaus","Product 870",97.72,2025-12-22
"Dietrich, Kirlin and Nikolaus","Product 870",90.89,2026-04-20
"Dietrich, Kirlin and Nikolaus","Product 870",59.14,2026-04-20
Windler-Gleichner,"Product 871",44.87,2026-04-23
Windler-Gleichner,"Product 871",89.65,2026-04-20
Krajcik-Kerluke,"Product 872",18.01,2025-04-21
Wehner-Rempel,"Product 873",75.26,2025-09-08
Wehner-Rempel,"Product 873",21.9,2025-12-03
Wehner-Rempel,"Product 873",20.06,2026-04-20
Nicolas-Ryan,"Product 874",51.06,2025-10-27
Nicolas-Ryan,"Product 874",97.85,2025-09-22
Nicolas-Ryan,"Product 874",72.64,2026-04-20
Reichert-Kautzer,"Product 875",66.34,2026-04-23
Reichert-Kautzer,"Product 875",10.35,2026-04-20
"Larkin, Kuvalis and Blanda","Product 876",47.15,2025-10-11
"Larkin, Kuvalis and Blanda","Product 876",46.34,2025-01-28
"Larkin, Kuvalis and Blanda","Product 876",5.47,2026-04-23
"Yundt, Hamill and Volkman","Product 877",47.26,2025-03-24
"Yundt, Hamill and Volkman","Product 877",46.32,2025-12-14
"Yundt, Hamill and Volkman","Product 877",65.95,2026-04-20
"Yundt, Hamill and Volkman","Product 877",52.52,2026-04-20
"Roob, Hudson and Lehner","Product 878",33.8,2025-05-16
Olson-Walsh,"Product 879",99.02,2025-08-25
Olson-Walsh,"Product 879",65.48,2026-04-23
Olson-Walsh,"Product 879",40.06,2026-04-20
Olson-Walsh,"Product 879",15.61,2026-04-20
"Kuvalis, Yundt and Swift","Product 880",95.1,2026-04-23
"Kuvalis, Yundt and Swift","Product 880",84.34,2026-04-20
"Kuvalis, Yundt and Swift","Product 880",75.8,2026-04-20
"Kemmer, Gerlach and Becker","Product 881",56.48,2025-02-10
"Kemmer, Gerlach and Becker","Product 881",87.1,2025-10-08
"Kemmer, Gerlach and Becker","Product 881",86.49,2026-04-23
"Kemmer, Gerlach and Becker","Product 881",11.47,2026-04-20
"Dietrich, Kirlin and Nikolaus","Product 882",17.36,2025-04-10
"Feest PLC","Product 883",71.32,2025-06-21
"Feest PLC","Product 883",48.8,2026-04-23
"Davis, Bogan and Dicki","Product 884",76.35,2025-12-17
"Davis, Bogan and Dicki","Product 884",68.48,2025-08-17
"Davis, Bogan and Dicki","Product 884",14.73,2026-04-23
"Davis, Bogan and Dicki","Product 884",45.77,2026-04-20
"Rice, Paucek and Kohler","Product 885",87.06,2025-02-14
"Rice, Paucek and Kohler","Product 885",20.21,2025-02-17
Johnston-Herman,"Product 886",90.75,2026-04-20
Johnston-Herman,"Product 886",77.48,2026-04-20
"Kub Ltd","Product 887",72.18,2025-12-07
"Kub Ltd","Product 887",17.21,2026-04-20
Krajcik-Kerluke,"Product 888",23.12,2025-02-28
Krajcik-Kerluke,"Product 888",12.91,2026-04-23
"Williamson Ltd","Product 889",85.99,2026-04-23
"Williamson Ltd","Product 889",35.2,2026-04-20
"Williamson Ltd","Product 889",52.92,2026-04-20
"Goodwin Ltd","Product 890",70.33,2025-10-05
"Goodwin Ltd","Product 890",85.46,2025-06-05
"Goodwin Ltd","Product 890",98.92,2026-04-23
"Goodwin Ltd","Product 890",86.77,2026-04-20
"Kemmer, Gerlach and Becker","Product 891",32.11,2025-03-06
"Kemmer, Gerlach and Becker","Product 891",21.09,2025-03-07
"Kemmer, Gerlach and Becker","Product 891",32.99,2026-04-23
"Kemmer, Gerlach and Becker","Product 891",90.47,2026-04-20
"Schamberger and Sons","Product 892",46.04,2026-04-20
"Schamberger and Sons","Product 892",54.28,2026-04-20
"Harris Ltd","Product 893",86.22,2026-04-23
"Harris Ltd","Product 893",19.86,2026-04-20
"Rice, Paucek and Kohler","Product 894",13.41,2026-04-20
"Ondricka, Rice and Homenick","Product 895",85.15,2025-02-03
"Ondricka, Rice and Homenick","Product 895",35.21,2025-11-28
"Ondricka, Rice and Homenick","Product 895",91.53,2026-04-23
"Ondricka, Rice and Homenick","Product 895",23.91,2026-04-20
"Ondricka, Rice and Homenick","Product 895",90.04,2026-04-20
"Kub Ltd","Product 896",12.15,2025-06-10
"Kub Ltd","Product 896",85.98,2026-04-20
Maggio-Gaylord,"Product 897",27.08,2025-11-15
Maggio-Gaylord,"Product 897",33.74,2026-04-23
Maggio-Gaylord,"Product 897",70.94,2026-04-20
Maggio-Gaylord,"Product 897",36.68,2026-04-20
"Stiedemann, Feeney and Quigley","Product 898",8.3,2025-06-26
"Stiedemann, Feeney and Quigley","Product 898",99.64,2025-12-26
"Stiedemann, Feeney and Quigley","Product 898",76.11,2026-04-23
"Stiedemann, Feeney and Quigley","Product 898",81.36,2026-04-20
"Yundt, Hamill and Volkman","Product 899",63.03,2026-04-20
"Yundt, Hamill and Volkman","Product 899",79.29,2026-04-20
"Crooks and Sons","Product 900",46.64,2026-04-23
"Williamson Ltd","Product 901",42.58,2026-04-23
"Williamson Ltd","Product 901",40.93,2026-04-20
"Williamson Ltd","Product 901",9.05,2026-04-20
"Thiel, Kirlin and Quigley","Product 902",1.49,2026-04-20
"Yost Inc","Product 903",87.67,2025-04-24
"Yost Inc","Product 903",8.99,2025-08-09
"Yost Inc","Product 903",57.69,2026-04-23
"Kemmer, Gerlach and Becker","Product 905",95.49,2026-04-23
Nicolas-Ryan,"Product 906",32.44,2025-08-05
Nicolas-Ryan,"Product 906",28.83,2025-09-02
"Price Ltd","Product 907",42.07,2026-04-20
"Price Ltd","Product 907",47.5,2026-04-20
"Ondricka, Rice and Homenick","Product 908",3.48,2026-04-23
"Ondricka, Rice and Homenick","Product 908",38.17,2026-04-20
"Ondricka, Rice and Homenick","Product 908",53.02,2026-04-20
"Thompson Inc","Product 909",11.29,2025-03-27
"Thompson Inc","Product 909",31.69,2025-06-23
"Thompson Inc","Product 909",80.87,2026-04-20
Hauck-Harber,"Product 911",35.13,2025-12-26
Hauck-Harber,"Product 911",38.04,2026-04-23
"Lakin, Torp and Bernhard","Product 912",39.99,2025-05-08
"Lakin, Torp and Bernhard","Product 912",24.5,2025-01-05
Mante-Boyer,"Product 913",2.89,2026-04-23
"Thiel, Kirlin and Quigley","Product 914",61.58,2025-04-23
"Thiel, Kirlin and Quigley","Product 914",88.17,2025-01-24
"Thiel, Kirlin and Quigley","Product 914",18.96,2026-04-23
Flatley-Labadie,"Product 915",27.65,2026-04-23
Flatley-Labadie,"Product 915",84.04,2026-04-20
Kshlerin-Von,"Product 916",78.13,2025-10-26
Kshlerin-Von,"Product 916",22.09,2025-01-06
Kshlerin-Von,"Product 916",81.25,2026-04-20
Kshlerin-Von,"Product 916",47.69,2026-04-20
Koss-Altenwerth,"Product 917",21.04,2025-04-23
Koss-Altenwerth,"Product 917",97.56,2025-06-26
Koss-Altenwerth,"Product 917",50.86,2026-04-23
Koss-Altenwerth,"Product 917",54.15,2026-04-20
Koss-Altenwerth,"Product 917",7.55,2026-04-20
"McCullough, Waters and Shields","Product 918",86.58,2025-01-24
"McCullough, Waters and Shields","Product 918",40.69,2025-08-18
"McCullough, Waters and Shields","Product 918",33.27,2026-04-23
"McCullough, Waters and Shields","Product 918",83.5,2026-04-20
"Goodwin Ltd","Product 919",46.77,2025-12-28
Koss-Altenwerth,"Product 920",10.3,2026-04-20
Koss-Altenwerth,"Product 920",1.96,2026-04-20
Johnston-Herman,"Product 921",65.53,2026-04-20
"McCullough, Waters and Shields","Product 922",23.59,2025-02-13
"McCullough, Waters and Shields","Product 922",39.02,2025-10-13
"McCullough, Waters and Shields","Product 922",19.81,2026-04-23
"McCullough, Waters and Shields","Product 922",37.52,2026-04-20
Olson-Walsh,"Product 923",50.7,2026-04-23
"Stiedemann, Feeney and Quigley","Product 924",14.42,2025-01-01
"Stiedemann, Feeney and Quigley","Product 924",56.44,2025-05-10
"Stiedemann, Feeney and Quigley","Product 924",19.07,2026-04-23
"Stiedemann, Feeney and Quigley","Product 924",41.43,2026-04-20
"Stiedemann, Feeney and Quigley","Product 924",51,2026-04-20
Koss-Altenwerth,"Product 925",44.34,2025-03-06
Koss-Altenwerth,"Product 925",39.21,2025-08-23
Koss-Altenwerth,"Product 925",96.64,2026-04-20
Koss-Altenwerth,"Product 925",63.16,2026-04-20
Koss-Altenwerth,"Product 926",87.7,2025-08-10
Koss-Altenwerth,"Product 926",95.7,2025-05-01
Koss-Altenwerth,"Product 926",39.39,2026-04-20
Olson-Walsh,"Product 927",6.03,2025-06-06
Hauck-Harber,"Product 928",1.52,2026-04-20
Hauck-Harber,"Product 928",33.67,2026-04-20
Torphy-Lowe,"Product 930",57.19,2025-10-28
Torphy-Lowe,"Product 930",71.13,2025-09-03
Torphy-Lowe,"Product 930",22.78,2026-04-23
Torphy-Lowe,"Product 930",86.02,2026-04-20
"Larkin, Kuvalis and Blanda","Product 931",33.39,2026-04-23
"Larkin, Kuvalis and Blanda","Product 932",2.04,2025-11-04
"Larkin, Kuvalis and Blanda","Product 932",95.64,2026-04-20
"Larkin, Kuvalis and Blanda","Product 932",74.61,2026-04-20
Koss-Altenwerth,"Product 933",1.18,2026-04-20
Koss-Altenwerth,"Product 933",11.39,2026-04-20
"Thiel, Kirlin and Quigley","Product 934",6.71,2026-04-23
"Thiel, Kirlin and Quigley","Product 934",51.87,2026-04-20
"Thiel, Kirlin and Quigley","Product 934",32.85,2026-04-20
"Stiedemann, Feeney and Quigley","Product 935",83.46,2025-08-13
"Stiedemann, Feeney and Quigley","Product 935",39.56,2026-04-20
"Stiedemann, Feeney and Quigley","Product 935",33.53,2026-04-20
"Auer Ltd","Product 936",88.9,2025-10-15
"Auer Ltd","Product 936",12.49,2025-10-12
"Nitzsche, Stark and Reilly","Product 937",18.78,2026-04-23
"Nitzsche, Stark and Reilly","Product 937",34.96,2026-04-20
"Nitzsche, Stark and Reilly","Product 937",95.14,2026-04-20
"Kub Ltd","Product 938",22.61,2025-07-15
"Kub Ltd","Product 938",30.28,2025-12-15
Mante-Boyer,"Product 939",82.37,2025-07-02
Mante-Boyer,"Product 939",45.18,2026-04-20
Mante-Boyer,"Product 939",45.95,2026-04-20
"Thiel, Kirlin and Quigley","Product 940",9.2,2025-12-20
"Thiel, Kirlin and Quigley","Product 940",74.04,2026-04-23
"Thiel, Kirlin and Quigley","Product 940",92.94,2026-04-20
"Rice, Paucek and Kohler","Product 942",47.7,2025-06-12
"Stiedemann, Feeney and Quigley","Product 943",88.23,2025-01-05
"Yundt, Hamill and Volkman","Product 944",7.82,2025-03-19
"Feest PLC","Product 945",4.42,2026-04-23
"Feest PLC","Product 945",77.28,2026-04-20
Krajcik-Kerluke,"Product 946",67.19,2025-12-07
Krajcik-Kerluke,"Product 946",90.28,2026-04-20
Krajcik-Kerluke,"Product 946",63.64,2026-04-20
"Larkin, Kuvalis and Blanda","Product 947",58.68,2025-06-18
"Larkin, Kuvalis and Blanda","Product 947",62.71,2026-04-20
"Larkin, Kuvalis and Blanda","Product 947",85.79,2026-04-20
"Dietrich, Kirlin and Nikolaus","Product 948",51.72,2025-03-17
"Dietrich, Kirlin and Nikolaus","Product 948",24.84,2025-06-04
"Dietrich, Kirlin and Nikolaus","Product 948",16.09,2026-04-20
"Dietrich, Kirlin and Nikolaus","Product 948",53.27,2026-04-20
Wehner-Rempel,"Product 949",47.32,2026-04-20
"Dietrich, Kirlin and Nikolaus","Product 950",35.36,2025-10-25
"Dietrich, Kirlin and Nikolaus","Product 950",3.63,2025-02-16
"Dietrich, Kirlin and Nikolaus","Product 950",43.65,2026-04-23
"Dietrich, Kirlin and Nikolaus","Product 950",42.16,2026-04-20
"Harris Ltd","Product 951",60.41,2025-08-18
"Harris Ltd","Product 951",84.04,2025-06-20
"Harris Ltd","Product 951",3.63,2026-04-20
Kshlerin-Von,"Product 952",93.54,2025-10-16
Kshlerin-Von,"Product 952",32.47,2025-03-17
Kshlerin-Von,"Product 952",83.3,2026-04-23
Kshlerin-Von,"Product 952",83.51,2026-04-20
Kshlerin-Von,"Product 952",79.36,2026-04-20
"Kuvalis, Yundt and Swift","Product 953",26.26,2025-11-03
"Kuvalis, Yundt and Swift","Product 953",1.21,2025-02-03
"Kuvalis, Yundt and Swift","Product 953",29.44,2026-04-23
"Kuvalis, Yundt and Swift","Product 953",24.37,2026-04-20
"Yundt, Hamill and Volkman","Product 956",60.59,2025-10-23
"Yundt, Hamill and Volkman","Product 956",2.77,2025-03-09
Reichert-Kautzer,"Product 957",81.86,2025-08-02
Reichert-Kautzer,"Product 957",22.53,2026-04-23
Reichert-Kautzer,"Product 957",57.2,2026-04-20
Reichert-Kautzer,"Product 957",82.56,2026-04-20
"Ondricka, Rice and Homenick","Product 958",61,2025-08-07
"Ondricka, Rice and Homenick","Product 958",68.78,2025-04-01
"Ondricka, Rice and Homenick","Product 958",62.83,2026-04-20
Johnston-Herman,"Product 960",7.74,2025-10-13
Johnston-Herman,"Product 960",60.62,2025-12-15
Johnston-Herman,"Product 960",30.71,2026-04-23
Johnston-Herman,"Product 960",21.5,2026-04-20
Johnston-Herman,"Product 960",35.66,2026-04-20
"McCullough, Waters and Shields","Product 961",51.13,2025-07-08
"McCullough, Waters and Shields","Product 961",13.43,2025-05-13
"McCullough, Waters and Shields","Product 961",1.36,2026-04-23
Koss-Altenwerth,"Product 962",82.44,2025-03-19
Koss-Altenwerth,"Product 962",9.44,2025-01-01
Koss-Altenwerth,"Product 962",49.53,2026-04-23
"Kemmer, Gerlach and Becker","Product 963",21.95,2026-04-23
"Kemmer, Gerlach and Becker","Product 964",15.11,2025-09-06
"Kemmer, Gerlach and Becker","Product 964",19.1,2026-04-23
"Kemmer, Gerlach and Becker","Product 964",9.42,2026-04-20
Nicolas-Ryan,"Product 965",8.32,2025-11-15
Olson-Walsh,"Product 966",55.04,2025-12-03
Olson-Walsh,"Product 966",40.77,2026-04-23
Kozey-Donnelly,"Product 967",24.35,2026-04-23
Kozey-Donnelly,"Product 967",1.12,2026-04-20
Wehner-Rempel,"Product 968",95.56,2025-01-03
Wehner-Rempel,"Product 968",88.41,2026-04-23
Wehner-Rempel,"Product 968",33.93,2026-04-20
"Sanford, Beahan and Howell","Product 969",71.96,2026-04-23
"Sanford, Beahan and Howell","Product 969",35.74,2026-04-20
Wehner-Rempel,"Product 970",37.11,2025-07-13
Wehner-Rempel,"Product 970",76.73,2026-04-23
Wehner-Rempel,"Product 970",6.31,2026-04-20
"Auer Ltd","Product 971",71,2025-06-19
"Auer Ltd","Product 971",52.54,2026-04-23
"Auer Ltd","Product 971",90.05,2026-04-20
"Goodwin Ltd","Product 972",63.15,2025-05-06
"Goodwin Ltd","Product 972",5.59,2025-10-23
"Goodwin Ltd","Product 972",78.98,2026-04-20
"Goodwin Ltd","Product 972",52.29,2026-04-20
"Thompson Inc","Product 973",28.12,2025-08-23
"Thompson Inc","Product 973",42.9,2026-04-23
"Thompson Inc","Product 973",75.49,2026-04-20
"Thompson Inc","Product 973",57.05,2026-04-20
"Davis, Bogan and Dicki","Product 974",99,2025-10-26
"Davis, Bogan and Dicki","Product 974",90.34,2026-04-20
"Davis, Bogan and Dicki","Product 974",63.84,2026-04-20
"Harris Ltd","Product 975",52.94,2025-09-19
"Harris Ltd","Product 975",7.38,2025-11-14
"Harris Ltd","Product 975",68.3,2026-04-23
"Harris Ltd","Product 975",17.46,2026-04-20
Olson-Walsh,"Product 976",3.23,2025-03-05
Olson-Walsh,"Product 976",10.61,2026-04-20
Olson-Walsh,"Product 976",82.22,2026-04-20
Windler-Gleichner,"Product 977",85.29,2026-04-23
Windler-Gleichner,"Product 977",52.12,2026-04-20
Windler-Gleichner,"Product 977",46.93,2026-04-20
Johnston-Herman,"Product 978",58,2026-04-23
Johnston-Herman,"Product 978",16.1,2026-04-20
Johnston-Herman,"Product 978",85.73,2026-04-20
"Nitzsche, Stark and Reilly","Product 979",77.54,2026-04-20
"Nitzsche, Stark and Reilly","Product 979",22.75,2026-04-20
"Durgan, Stiedemann and Konopelski","Product 981",26.38,2025-02-02
"Durgan, Stiedemann and Konopelski","Product 981",79.96,2025-04-16
"Durgan, Stiedemann and Konopelski","Product 981",99.29,2026-04-23
Hauck-Harber,"Product 982",73.36,2025-10-16
Hauck-Harber,"Product 982",73.03,2026-04-20
Kozey-Donnelly,"Product 983",96.26,2026-04-23
Kozey-Donnelly,"Product 983",34.72,2026-04-20
Kozey-Donnelly,"Product 983",34.82,2026-04-20
"Thiel, Kirlin and Quigley","Product 985",5.22,2025-07-13
"Thiel, Kirlin and Quigley","Product 985",57.36,2026-04-23
"Ondricka LLC","Product 986",70.67,2025-11-14
Wehner-Rempel,"Product 987",75.28,2025-02-24
Wehner-Rempel,"Product 987",93.6,2025-09-03
Wehner-Rempel,"Product 987",64.45,2026-04-23
"Ondricka, Rice and Homenick","Product 989",25.57,2026-04-23
"Ondricka, Rice and Homenick","Product 989",34.78,2026-04-20
"Ondricka, Rice and Homenick","Product 989",1.43,2026-04-20
"Nitzsche, Stark and Reilly","Product 990",59.55,2025-04-25
"Nitzsche, Stark and Reilly","Product 990",15.6,2026-04-23
"Nitzsche, Stark and Reilly","Product 990",47.13,2026-04-20
"Nitzsche, Stark and Reilly","Product 990",38.21,2026-04-20
"Roob, Hudson and Lehner","Product 991",39.12,2025-02-14
"Roob, Hudson and Lehner","Product 991",10.37,2026-04-20
"Roob, Hudson and Lehner","Product 991",84.87,2026-04-20
"Thompson Inc","Product 992",65.67,2026-04-23
"Thompson Inc","Product 992",96.26,2026-04-20
"Thompson Inc","Product 992",20.87,2026-04-20
"Goodwin Ltd","Product 993",99.59,2026-04-23
"Davis, Bogan and Dicki","Product 994",23.81,2026-04-20
"Altenwerth LLC","Product 995",47.06,2026-04-23
"Altenwerth LLC","Product 995",1.29,2026-04-20
"Altenwerth LLC","Product 995",54.78,2026-04-20
Mante-Boyer,"Product 996",5.66,2025-12-26
Mante-Boyer,"Product 996",56.97,2026-04-23
"Harris Ltd","Product 997",21.88,2026-04-20
"Harris Ltd","Product 997",5.83,2026-04-20
Wehner-Rempel,"Product 998",28.31,2025-12-04
Maggio-Gaylord,"Product 999",14.51,2025-09-23
Maggio-Gaylord,"Product 999",63.62,2026-04-23
Maggio-Gaylord,"Product 999",74.3,2026-04-20
"Stiedemann, Feeney and Quigley","Product 1000",95.55,2025-10-13
"Stiedemann, Feeney and Quigley","Product 1000",31.47,2025-05-01
