manufacturer_name,product_name,price,price_date
"Abernathy, Lind and Fritsch","Product 1",6.4733,2026-04-23
"Abernathy, Lind and Fritsch","Product 1",72.0913,2026-04-20
Douglas-Lehner,"Product 2",11.5276,2026-04-23
Douglas-Lehner,"Product 2",11.5276,2026-04-23
"Lueilwitz and Sons","Product 3",1.9914,2026-04-20
"Lueilwitz and Sons","Product 3",91.1212,2026-04-23
Schowalter-McGlynn,"Product 5",12.2737,2026-04-20
Schowalter-McGlynn,"Product 5",81.1675,2026-04-23
"Collier, Hirthe and Maggio","Product 6",96.8731,2026-04-20
"Collier, Hirthe and Maggio","Product 6",96.8731,2026-04-20
"Corkery and Sons","Product 8",36.5590,2026-04-23
"Corkery and Sons","Product 8",39.5216,2026-04-20
"Metz Inc","Product 10",47.9978,2026-04-20
"Metz Inc","Product 10",63.9522,2026-04-20
Upton-Skiles,"Product 11",52.4760,2026-04-20
Upton-Skiles,"Product 11",78.2637,2026-04-23
Fadel-Jerde,"Product 12",77.1419,2026-04-23
Fadel-Jerde,"Product 12",77.1419,2026-04-23
"Kuphal, Mraz and Gusikowski","Product 13",11.5080,2026-04-20
"Kuphal, Mraz and Gusikowski","Product 13",58.6568,2026-04-20
Upton-Skiles,"Product 14",77.7826,2026-04-23
Upton-Skiles,"Product 14",77.7826,2026-04-23
"Zulauf, Wintheiser and Altenwerth","Product 15",12.1890,2026-04-23
"Zulauf, Wintheiser and Altenwerth","Product 15",12.1890,2026-04-23
"Toy, Kutch and Mraz","Product 17",23.8961,2026-04-20
"Toy, Kutch and Mraz","Product 17",77.2018,2026-04-23
"Carroll, Franecki and Block","Product 18",97.3838,2026-04-23
"Carroll, Franecki and Block","Product 18",97.3838,2026-04-23
Schowalter-McGlynn,"Product 19",19.7816,2026-04-20
Schowalter-McGlynn,"Product 19",76.9255,2026-04-20
O'Reilly-Johnston,"Product 21",1.4214,2026-04-20
O'Reilly-Johnston,"Product 21",56.0670,2026-04-20
Keebler-Nolan,"Product 22",30.0536,2026-04-23
Keebler-Nolan,"Product 22",56.0814,2026-04-20
Schowalter-McGlynn,"Product 24",56.6635,2026-04-20
Schowalter-McGlynn,"Product 24",74.8224,2026-04-23
Franecki-Nikolaus,"Product 26",4.0233,2026-04-20
Franecki-Nikolaus,"Product 26",60.6165,2026-04-20
"Jerde, Pfannerstill and Jast","Product 27",49.2825,2026-04-23
"Jerde, Pfannerstill and Jast","Product 27",49.2825,2026-04-23
Grady-Baumbach,"Product 28",39.8031,2026-04-20
Grady-Baumbach,"Product 28",79.4465,2026-04-23
"Abernathy, Lind and Fritsch","Product 29",72.1997,2026-04-20
"Abernathy, Lind and Fritsch","Product 29",72.1997,2026-04-20
"McClure, Kuhic and Rolfson","Product 30",18.0179,2026-04-23
"McClure, Kuhic and Rolfson","Product 30",57.6109,2026-04-20
Keebler-Nolan,"Product 32",9.5540,2026-04-20
Keebler-Nolan,"Product 32",67.0389,2026-04-23
"Friesen Group","Product 34",36.5184,2026-04-20
"Friesen Group","Product 34",90.6329,2026-04-23
"McClure, Kuhic and Rolfson","Product 35",21.1485,2026-04-23
"McClure, Kuhic and Rolfson","Product 35",21.1485,2026-04-23
"Hill, Nikolaus and Watsica","Product 36",10.7953,2026-04-20
"Hill, Nikolaus and Watsica","Product 36",29.4915,2026-04-20
Douglas-Lehner,"Product 37",65.2195,2026-04-20
Douglas-Lehner,"Product 37",71.2540,2026-04-20
"Jacobi Group","Product 39",1.2411,2026-04-20
"Jacobi Group","Product 39",91.5114,2026-04-23
Franecki-Nikolaus,"Product 41",36.2342,2026-04-20
Franecki-Nikolaus,"Product 41",41.4665,2026-04-20
"Cummerata Inc","Product 42",59.1925,2026-04-23
"Cummerata Inc","Product 42",59.1925,2026-04-23
Hessel-Hermiston,"Product 43",40.4501,2026-04-20
Hessel-Hermiston,"Product 43",75.8722,2026-04-20
"Corkery and Sons","Product 44",26.5506,2026-04-20
"Corkery and Sons","Product 44",47.0344,2026-04-20
"Cummerata Inc","Product 45",56.9718,2026-04-20
"Cummerata Inc","Product 45",97.4184,2026-04-23
"Lueilwitz and Sons","Product 47",9.8519,2026-04-20
"Lueilwitz and Sons","Product 47",16.2548,2026-04-20
"Hermann, Frami and Ledner","Product 49",1.9168,2026-04-23
"Hermann, Frami and Ledner","Product 49",1.9168,2026-04-23
"Hermann, Frami and Ledner","Product 50",42.9014,2026-04-20
"Hermann, Frami and Ledner","Product 50",69.1786,2026-04-20
"Zulauf, Wintheiser and Altenwerth","Product 51",83.5093,2026-04-20
"Zulauf, Wintheiser and Altenwerth","Product 51",83.5093,2026-04-20
Douglas-Lehner,"Product 52",56.3230,2026-04-20
Douglas-Lehner,"Product 52",96.6687,2026-04-23
"Corkery and Sons","Product 53",82.0728,2026-04-20
"Corkery and Sons","Product 53",91.7164,2026-04-23
"Zulauf, Wintheiser and Altenwerth","Product 54",74.0926,2026-04-23
"Zulauf, Wintheiser and Altenwerth","Product 54",74.0926,2026-04-23
Douglas-Lehner,"Product 55",89.7964,2026-04-20
Douglas-Lehner,"Product 55",89.7964,2026-04-20
Fadel-Jerde,"Product 56",41.8840,2026-04-23
Fadel-Jerde,"Product 56",41.8840,2026-04-23
"Rath Group","Product 58",15.5598,2026-04-23
"Rath Group","Product 58",66.9801,2026-04-20
"Carroll, Franecki and Block","Product 59",12.2065,2026-04-20
"Carroll, Franecki and Block","Product 59",77.1928,2026-04-20
Keebler-Nolan,"Product 60",82.0012,2026-04-20
Keebler-Nolan,"Product 60",97.8910,2026-04-23
"Hermann, Frami and Ledner","Product 61",22.3489,2026-04-20
"Hermann, Frami and Ledner","Product 61",99.7241,2026-04-20
"Schmidt, Wiegand and Grimes","Product 63",9.7745,2026-04-20
"Schmidt, Wiegand and Grimes","Product 63",59.9794,2026-04-20
Grady-Baumbach,"Product 64",29.6438,2026-04-20
Grady-Baumbach,"Product 64",32.8782,2026-04-20
"Torphy, Cruickshank and Kunze","Product 65",47.6001,2026-04-20
"Torphy, Cruickshank and Kunze","Product 65",79.1184,2026-04-20
"Zulauf, Wintheiser and Altenwerth","Product 66",47.9087,2026-04-20
"Zulauf, Wintheiser and Altenwerth","Product 66",99.1613,2026-04-20
"Beatty LLC","Product 67",44.6736,2026-04-23
"Beatty LLC","Product 67",72.0581,2026-04-20
Grady-Baumbach,"Product 69",22.8630,2026-04-20
Grady-Baumbach,"Product 69",22.8630,2026-04-20
"Schmidt, Wiegand and Grimes","Product 70",21.1487,2026-04-20
"Schmidt, Wiegand and Grimes","Product 70",21.1487,2026-04-20
Kuvalis-Labadie,"Product 71",6.4296,2026-04-20
Kuvalis-Labadie,"Product 71",69.3834,2026-04-20
"Toy, Kutch and Mraz","Product 72",16.1261,2026-04-20
"Toy, Kutch and Mraz","Product 72",90.5834,2026-04-23
"Metz Inc","Product 73",14.6250,2026-04-20
"Metz Inc","Product 73",86.1028,2026-04-20
"Kiehn, Rau and Hintz","Product 74",24.8032,2026-04-20
"Kiehn, Rau and Hintz","Product 74",49.6306,2026-04-23
"Toy, Kutch and Mraz","Product 75",76.4081,2026-04-23
"Toy, Kutch and Mraz","Product 75",76.4081,2026-04-23
"Rath Group","Product 76",17.4460,2026-04-20
"Rath Group","Product 76",76.7422,2026-04-23
"Jacobi Group","Product 78",11.9220,2026-04-23
"Jacobi Group","Product 78",68.9457,2026-04-20
"Schmidt, Wiegand and Grimes","Product 80",35.4209,2026-04-20
"Schmidt, Wiegand and Grimes","Product 80",51.7760,2026-04-20
Franecki-Nikolaus,"Product 81",67.1472,2026-04-20
Franecki-Nikolaus,"Product 81",67.1472,2026-04-20
"Metz Inc","Product 82",81.4600,2026-04-23
"Metz Inc","Product 82",81.4600,2026-04-23
"Schmidt, Wiegand and Grimes","Product 83",16.6492,2026-04-20
"Schmidt, Wiegand and Grimes","Product 83",94.9458,2026-04-20
"Konopelski PLC","Product 85",54.1699,2026-04-20
"Konopelski PLC","Product 85",60.7176,2026-04-20
"Wuckert LLC","Product 86",10.9181,2026-04-20
"Wuckert LLC","Product 86",19.9131,2026-04-20
"Kiehn, Rau and Hintz","Product 88",48.5789,2026-04-20
"Kiehn, Rau and Hintz","Product 88",71.6712,2026-04-20
"Rippin Group","Product 89",36.1211,2026-04-20
"Rippin Group","Product 89",71.4296,2026-04-23
"Hermann, Frami and Ledner","Product 91",35.3008,2026-04-20
"Hermann, Frami and Ledner","Product 91",98.2859,2026-04-20
"Cormier, Spinka and Mante","Product 93",60.9746,2026-04-20
"Cormier, Spinka and Mante","Product 93",84.0715,2026-04-20
"McClure, Kuhic and Rolfson","Product 95",14.0254,2026-04-20
"McClure, Kuhic and Rolfson","Product 95",14.0254,2026-04-20
O'Reilly-Johnston,"Product 96",2.5797,2026-04-20
O'Reilly-Johnston,"Product 96",2.5797,2026-04-20
Franecki-Nikolaus,"Product 97",9.3651,2026-04-20
Franecki-Nikolaus,"Product 97",30.3277,2026-04-23
"Rath Group","Product 98",17.3119,2026-04-20
"Rath Group","Product 98",64.7597,2026-04-23
"Leannon, Harber and Raynor","Product 100",22.7242,2026-04-20
"Leannon, Harber and Raynor","Product 100",37.6924,2026-04-20
Grady-Baumbach,"Product 101",1.9802,2026-04-23
Grady-Baumbach,"Product 101",35.5169,2026-04-20
"McClure, Kuhic and Rolfson","Product 102",68.3701,2026-04-23
"McClure, Kuhic and Rolfson","Product 102",68.3701,2026-04-23
"Kiehn, Rau and Hintz","Product 103",26.3346,2026-04-23
"Kiehn, Rau and Hintz","Product 103",26.3346,2026-04-23
"Rath Group","Product 104",32.5661,2026-04-20
"Rath Group","Product 104",32.5661,2026-04-20
"Botsford, Koepp and Miller","Product 105",20.3417,2026-04-20
"Botsford, Koepp and Miller","Product 105",76.6712,2026-04-23
"Turcotte, Daniel and Harber","Product 106",18.5074,2026-04-23
"Turcotte, Daniel and Harber","Product 106",18.5074,2026-04-23
"Jacobi Group","Product 107",65.4892,2026-04-20
"Jacobi Group","Product 107",75.8852,2026-04-23
"Rodriguez, Price and Wisozk","Product 108",80.5919,2026-04-23
"Rodriguez, Price and Wisozk","Product 108",80.5919,2026-04-23
"McClure, Kuhic and Rolfson","Product 110",7.2399,2026-04-20
"McClure, Kuhic and Rolfson","Product 110",52.4652,2026-04-20
Kuvalis-Labadie,"Product 111",56.2695,2026-04-20
Kuvalis-Labadie,"Product 111",72.8724,2026-04-20
"Jerde, Pfannerstill and Jast","Product 112",69.4215,2026-04-23
"Jerde, Pfannerstill and Jast","Product 112",69.4215,2026-04-23
"Leannon, Harber and Raynor","Product 113",2.5441,2026-04-20
"Leannon, Harber and Raynor","Product 113",82.6694,2026-04-20
Gottlieb-Hill,"Product 114",76.6257,2026-04-23
Gottlieb-Hill,"Product 114",86.2247,2026-04-20
Franecki-Nikolaus,"Product 115",85.3938,2026-04-23
Franecki-Nikolaus,"Product 115",85.3938,2026-04-23
"Rath Group","Product 116",65.3651,2026-04-20
"Rath Group","Product 116",76.1192,2026-04-20
"Vandervort, O'Keefe and West","Product 117",38.5575,2026-04-23
"Vandervort, O'Keefe and West","Product 117",38.5575,2026-04-23
"Konopelski PLC","Product 118",18.1367,2026-04-20
"Konopelski PLC","Product 118",18.1367,2026-04-20
"Carroll, Franecki and Block","Product 120",36.8384,2026-04-23
"Carroll, Franecki and Block","Product 120",77.1262,2026-04-20
Gottlieb-Hill,"Product 121",54.8935,2026-04-23
Gottlieb-Hill,"Product 121",54.8935,2026-04-23
"Ernser, Grady and Batz","Product 122",95.1107,2026-04-23
"Ernser, Grady and Batz","Product 122",95.1107,2026-04-23
Gottlieb-Hill,"Product 123",27.7095,2026-04-20
Gottlieb-Hill,"Product 123",45.1329,2026-04-20
"Schmidt, Wiegand and Grimes","Product 124",14.7546,2026-04-23
"Schmidt, Wiegand and Grimes","Product 124",61.5571,2026-04-20
"Howe and Sons","Product 126",48.4500,2026-04-23
"Howe and Sons","Product 126",93.7745,2026-04-20
"Rippin Group","Product 127",55.5117,2026-04-23
"Rippin Group","Product 127",76.3308,2026-04-20
"Collier, Hirthe and Maggio","Product 128",5.4234,2026-04-20
"Collier, Hirthe and Maggio","Product 128",50.6482,2026-04-23
"Zulauf, Wintheiser and Altenwerth","Product 129",99.1954,2026-04-20
"Zulauf, Wintheiser and Altenwerth","Product 129",99.1954,2026-04-20
Upton-Skiles,"Product 130",11.7532,2026-04-20
Upton-Skiles,"Product 130",11.7532,2026-04-20
Franecki-Nikolaus,"Product 132",29.1236,2026-04-20
Franecki-Nikolaus,"Product 132",29.1236,2026-04-20
Gottlieb-Hill,"Product 133",76.6014,2026-04-23
Gottlieb-Hill,"Product 133",76.6014,2026-04-23
Franecki-Nikolaus,"Product 134",1.2115,2026-04-20
Franecki-Nikolaus,"Product 134",46.7175,2026-04-23
"Botsford, Koepp and Miller","Product 135",41.6764,2026-04-20
"Botsford, Koepp and Miller","Product 135",94.6869,2026-04-23
"Schmidt, Wiegand and Grimes","Product 136",40.6107,2026-04-23
"Schmidt, Wiegand and Grimes","Product 136",60.9778,2026-04-20
"Ernser, Grady and Batz","Product 137",33.7757,2026-04-20
"Ernser, Grady and Batz","Product 137",49.2685,2026-04-20
"McClure, Kuhic and Rolfson","Product 138",69.6420,2026-04-23
"McClure, Kuhic and Rolfson","Product 138",69.6420,2026-04-23
"Konopelski PLC","Product 139",39.2002,2026-04-23
"Konopelski PLC","Product 139",80.9307,2026-04-20
Kautzer-Wintheiser,"Product 140",15.5469,2026-04-20
Kautzer-Wintheiser,"Product 140",45.3400,2026-04-20
"Rath Group","Product 141",8.7122,2026-04-20
"Rath Group","Product 141",73.8763,2026-04-20
"Rath Group","Product 142",87.3425,2026-04-20
"Rath Group","Product 142",94.3136,2026-04-23
"Friesen Group","Product 143",2.7071,2026-04-23
"Friesen Group","Product 143",2.7071,2026-04-23
"Gusikowski, Kohler and Kiehn","Product 145",21.9655,2026-04-23
"Gusikowski, Kohler and Kiehn","Product 145",95.9796,2026-04-20
"Beatty LLC","Product 146",2.3125,2026-04-23
"Beatty LLC","Product 146",54.9037,2026-04-20
"Howe and Sons","Product 147",76.5676,2026-04-20
"Howe and Sons","Product 147",76.5676,2026-04-20
Gottlieb-Hill,"Product 148",39.0770,2026-04-23
Gottlieb-Hill,"Product 148",64.3063,2026-04-20
"Kiehn, Rau and Hintz","Product 149",3.2391,2026-04-23
"Kiehn, Rau and Hintz","Product 149",98.8359,2026-04-20
Kuvalis-Labadie,"Product 150",28.3786,2026-04-20
Kuvalis-Labadie,"Product 150",35.2589,2026-04-20
"Hermann, Frami and Ledner","Product 152",41.7399,2026-04-20
"Hermann, Frami and Ledner","Product 152",94.6686,2026-04-23
"Cummerata Inc","Product 154",83.5752,2026-04-20
"Cummerata Inc","Product 154",89.8094,2026-04-20
"Greenfelder, Leffler and Greenfelder","Product 155",29.6873,2026-04-23
"Greenfelder, Leffler and Greenfelder","Product 155",29.6873,2026-04-23
"Corkery and Sons","Product 157",23.1944,2026-04-20
"Corkery and Sons","Product 157",60.3624,2026-04-20
"Kiehn, Rau and Hintz","Product 158",21.3752,2026-04-20
"Kiehn, Rau and Hintz","Product 158",47.7398,2026-04-20
Keebler-Nolan,"Product 159",30.7168,2026-04-20
Keebler-Nolan,"Product 159",30.7168,2026-04-20
"Cummerata Inc","Product 160",22.9272,2026-04-20
"Cummerata Inc","Product 160",22.9272,2026-04-20
"Carroll, Franecki and Block","Product 161",2.3411,2026-04-20
"Carroll, Franecki and Block","Product 161",51.4181,2026-04-20
"Cormier, Spinka and Mante","Product 163",42.0392,2026-04-23
"Cormier, Spinka and Mante","Product 163",80.5978,2026-04-20
Upton-Skiles,"Product 166",87.9784,2026-04-23
Upton-Skiles,"Product 166",87.9784,2026-04-23
"Konopelski PLC","Product 167",93.9434,2026-04-20
"Konopelski PLC","Product 167",93.9434,2026-04-20
"Beatty LLC","Product 169",9.6000,2026-04-20
"Beatty LLC","Product 169",83.8444,2026-04-20
"Rippin Group","Product 170",43.8310,2026-04-20
"Rippin Group","Product 170",43.8310,2026-04-20
"Kiehn, Rau and Hintz","Product 171",12.6491,2026-04-23
"Kiehn, Rau and Hintz","Product 171",55.2966,2026-04-20
"Gusikowski, Kohler and Kiehn","Product 174",38.3541,2026-04-20
"Gusikowski, Kohler and Kiehn","Product 174",54.2239,2026-04-20
"Kiehn, Rau and Hintz","Product 176",54.8203,2026-04-23
"Kiehn, Rau and Hintz","Product 176",98.8778,2026-04-20
Hessel-Hermiston,"Product 177",38.6161,2026-04-23
Hessel-Hermiston,"Product 177",38.6161,2026-04-23
"Botsford, Koepp and Miller","Product 178",8.6484,2026-04-20
"Botsford, Koepp and Miller","Product 178",25.4924,2026-04-23
"Howe and Sons","Product 179",17.5992,2026-04-20
"Howe and Sons","Product 179",17.5992,2026-04-20
"McDermott Group","Product 180",31.6717,2026-04-23
"McDermott Group","Product 180",39.5717,2026-04-20
"Schmidt, Wiegand and Grimes","Product 181",9.6285,2026-04-23
"Schmidt, Wiegand and Grimes","Product 181",43.1037,2026-04-20
"Leannon, Harber and Raynor","Product 182",21.2233,2026-04-23
"Leannon, Harber and Raynor","Product 182",55.8986,2026-04-20
"Beatty LLC","Product 183",5.9224,2026-04-20
"Beatty LLC","Product 183",28.7183,2026-04-23
Gottlieb-Hill,"Product 184",39.4508,2026-04-20
Gottlieb-Hill,"Product 184",82.1891,2026-04-20
"Howe and Sons","Product 185",8.6692,2026-04-23
"Howe and Sons","Product 185",95.1005,2026-04-20
Douglas-Lehner,"Product 186",34.7155,2026-04-20
Douglas-Lehner,"Product 186",40.7646,2026-04-20
"Botsford, Koepp and Miller","Product 187",55.9976,2026-04-23
"Botsford, Koepp and Miller","Product 187",55.9976,2026-04-23
"Kuphal, Mraz and Gusikowski","Product 188",11.3342,2026-04-23
"Kuphal, Mraz and Gusikowski","Product 188",42.3219,2026-04-20
"Leannon, Harber and Raynor","Product 190",13.6286,2026-04-20
"Leannon, Harber and Raynor","Product 190",87.1728,2026-04-20
"Corkery and Sons","Product 191",86.1832,2026-04-20
"Corkery and Sons","Product 191",86.1832,2026-04-20
"Mertz, Lowe and Abernathy","Product 193",57.1238,2026-04-20
"Mertz, Lowe and Abernathy","Product 193",88.5990,2026-04-20
"Lueilwitz and Sons","Product 194",45.2179,2026-04-20
"Lueilwitz and Sons","Product 194",45.2179,2026-04-20
"Rath Group","Product 195",31.8107,2026-04-23
"Rath Group","Product 195",31.8107,2026-04-23
"Beatty LLC","Product 196",50.0396,2026-04-20
"Beatty LLC","Product 196",85.6392,2026-04-20
"Gusikowski, Kohler and Kiehn","Product 197",44.9515,2026-04-23
"Gusikowski, Kohler and Kiehn","Product 197",44.9515,2026-04-23
"Zulauf, Wintheiser and Altenwerth","Product 198",56.4619,2026-04-20
"Zulauf, Wintheiser and Altenwerth","Product 198",78.8534,2026-04-20
"Wuckert LLC","Product 199",96.0919,2026-04-20
"Wuckert LLC","Product 199",96.0919,2026-04-20
"Wolff Ltd","Product 200",26.2626,2026-04-23
"Wolff Ltd","Product 200",26.2626,2026-04-23
"Carroll, Franecki and Block","Product 201",5.9263,2026-04-20
"Carroll, Franecki and Block","Product 201",89.9724,2026-04-20
Douglas-Lehner,"Product 203",53.4497,2026-04-20
Douglas-Lehner,"Product 203",53.4497,2026-04-20
"Metz Inc","Product 204",35.7791,2026-04-20
"Metz Inc","Product 204",35.7791,2026-04-20
"Zboncak, Bradtke and Hayes","Product 205",65.7521,2026-04-20
"Zboncak, Bradtke and Hayes","Product 205",81.3045,2026-04-20
Upton-Skiles,"Product 206",77.8147,2026-04-20
Upton-Skiles,"Product 206",83.6789,2026-04-23
"Wolff Ltd","Product 207",7.1926,2026-04-23
"Wolff Ltd","Product 207",94.8858,2026-04-20
Upton-Skiles,"Product 209",14.2044,2026-04-23
Upton-Skiles,"Product 209",36.0903,2026-04-20
Keebler-Nolan,"Product 210",71.7872,2026-04-20
Keebler-Nolan,"Product 210",90.8370,2026-04-20
"Metz Inc","Product 211",3.9487,2026-04-20
"Metz Inc","Product 211",3.9487,2026-04-20
Franecki-Nikolaus,"Product 212",16.8499,2026-04-23
Franecki-Nikolaus,"Product 212",93.8077,2026-04-20
Kuvalis-Labadie,"Product 213",31.6296,2026-04-20
Kuvalis-Labadie,"Product 213",79.5138,2026-04-20
"Ernser, Grady and Batz","Product 214",77.7649,2026-04-23
"Ernser, Grady and Batz","Product 214",77.7649,2026-04-23
"Schmidt, Wiegand and Grimes","Product 215",22.2873,2026-04-20
"Schmidt, Wiegand and Grimes","Product 215",95.7572,2026-04-23
Kuvalis-Labadie,"Product 216",9.0009,2026-04-20
Kuvalis-Labadie,"Product 216",44.9348,2026-04-23
"Zulauf, Wintheiser and Altenwerth","Product 217",19.2703,2026-04-23
"Zulauf, Wintheiser and Altenwerth","Product 217",58.2230,2026-04-20
"Hill, Nikolaus and Watsica","Product 218",50.3742,2026-04-23
"Hill, Nikolaus and Watsica","Product 218",60.2968,2026-04-20
"Mertz, Lowe and Abernathy","Product 220",96.8140,2026-04-20
"Mertz, Lowe and Abernathy","Product 220",97.4819,2026-04-20
Douglas-Lehner,"Product 222",96.8114,2026-04-20
Douglas-Lehner,"Product 222",96.8114,2026-04-20
"Schmidt, Wiegand and Grimes","Product 223",49.4899,2026-04-23
"Schmidt, Wiegand and Grimes","Product 223",83.2117,2026-04-20
"Hermann, Frami and Ledner","Product 224",98.9813,2026-04-23
"Hermann, Frami and Ledner","Product 224",98.9813,2026-04-23
Kautzer-Wintheiser,"Product 225",42.1536,2026-04-20
Kautzer-Wintheiser,"Product 225",93.2508,2026-04-23
Fadel-Jerde,"Product 226",26.3682,2026-04-20
Fadel-Jerde,"Product 226",31.4962,2026-04-20
"Corkery and Sons","Product 227",48.6056,2026-04-20
"Corkery and Sons","Product 227",72.2730,2026-04-23
"Cummerata Inc","Product 228",99.2512,2026-04-23
"Cummerata Inc","Product 228",99.2512,2026-04-23
"Zboncak, Bradtke and Hayes","Product 229",21.1807,2026-04-20
"Zboncak, Bradtke and Hayes","Product 229",89.1123,2026-04-23
"Rodriguez, Price and Wisozk","Product 230",32.3168,2026-04-20
"Rodriguez, Price and Wisozk","Product 230",72.9242,2026-04-20
Douglas-Lehner,"Product 231",98.3474,2026-04-23
Douglas-Lehner,"Product 231",98.7284,2026-04-20
Fadel-Jerde,"Product 232",6.7062,2026-04-20
Fadel-Jerde,"Product 232",31.9439,2026-04-23
"Botsford, Koepp and Miller","Product 233",12.1150,2026-04-20
"Botsford, Koepp and Miller","Product 233",12.1150,2026-04-20
"Wuckert LLC","Product 234",60.6773,2026-04-20
"Wuckert LLC","Product 234",60.6773,2026-04-20
"Jerde, Pfannerstill and Jast","Product 235",1.2851,2026-04-20
"Jerde, Pfannerstill and Jast","Product 235",98.8841,2026-04-20
"Torphy, Cruickshank and Kunze","Product 236",60.4369,2026-04-23
"Torphy, Cruickshank and Kunze","Product 236",66.9560,2026-04-20
"Leannon, Harber and Raynor","Product 237",1.8540,2026-04-20
"Leannon, Harber and Raynor","Product 237",10.9033,2026-04-20
"Rodriguez, Price and Wisozk","Product 238",20.8334,2026-04-20
"Rodriguez, Price and Wisozk","Product 238",20.8334,2026-04-20
"Wuckert LLC","Product 239",21.0365,2026-04-20
"Wuckert LLC","Product 239",81.2399,2026-04-23
"Vandervort, O'Keefe and West","Product 240",18.7487,2026-04-23
"Vandervort, O'Keefe and West","Product 240",80.3209,2026-04-20
"Botsford, Koepp and Miller","Product 242",14.5077,2026-04-20
"Botsford, Koepp and Miller","Product 242",38.2554,2026-04-20
Franecki-Nikolaus,"Product 243",16.1963,2026-04-20
Franecki-Nikolaus,"Product 243",31.0930,2026-04-20
"McClure, Kuhic and Rolfson","Product 244",9.2698,2026-04-20
"McClure, Kuhic and Rolfson","Product 244",87.4487,2026-04-20
"Rodriguez, Price and Wisozk","Product 245",62.9920,2026-04-20
"Rodriguez, Price and Wisozk","Product 245",62.9920,2026-04-20
Franecki-Nikolaus,"Product 246",47.5798,2026-04-20
Franecki-Nikolaus,"Product 246",57.1479,2026-04-23
"Beatty LLC","Product 247",34.8823,2026-04-20
"Beatty LLC","Product 247",85.2967,2026-04-20
Upton-Skiles,"Product 248",92.8058,2026-04-20
Upton-Skiles,"Product 248",92.8058,2026-04-20
"Zboncak, Bradtke and Hayes","Product 249",5.1521,2026-04-20
"Zboncak, Bradtke and Hayes","Product 249",72.5532,2026-04-20
"Rippin Group","Product 250",64.2902,2026-04-20
"Rippin Group","Product 250",64.2902,2026-04-20
Grady-Baumbach,"Product 251",5.8149,2026-04-20
Grady-Baumbach,"Product 251",5.8149,2026-04-20
"Kiehn, Rau and Hintz","Product 253",46.1728,2026-04-20
"Kiehn, Rau and Hintz","Product 253",94.8381,2026-04-23
"Abernathy, Lind and Fritsch","Product 254",21.6109,2026-04-23
"Abernathy, Lind and Fritsch","Product 254",21.6109,2026-04-23
"Corkery and Sons","Product 255",81.1250,2026-04-20
"Corkery and Sons","Product 255",93.0357,2026-04-23
"Gusikowski, Kohler and Kiehn","Product 256",23.3639,2026-04-23
"Gusikowski, Kohler and Kiehn","Product 256",23.3639,2026-04-23
"Rodriguez, Price and Wisozk","Product 257",46.1874,2026-04-23
"Rodriguez, Price and Wisozk","Product 257",55.5875,2026-04-20
"Rath Group","Product 258",87.1716,2026-04-23
"Rath Group","Product 258",87.1716,2026-04-23
"Friesen Group","Product 259",52.3539,2026-04-20
"Friesen Group","Product 259",70.0025,2026-04-23
"Mertz, Lowe and Abernathy","Product 261",76.4760,2026-04-23
"Mertz, Lowe and Abernathy","Product 261",76.4760,2026-04-23
"Jerde, Pfannerstill and Jast","Product 262",32.1224,2026-04-20
"Jerde, Pfannerstill and Jast","Product 262",32.1224,2026-04-20
O'Reilly-Johnston,"Product 263",27.2067,2026-04-23
O'Reilly-Johnston,"Product 263",27.2067,2026-04-23
"Turcotte, Daniel and Harber","Product 264",26.3576,2026-04-23
"Turcotte, Daniel and Harber","Product 264",63.7048,2026-04-20
"Howe and Sons","Product 266",43.8296,2026-04-23
"Howe and Sons","Product 266",43.8296,2026-04-23
"Leannon, Harber and Raynor","Product 268",28.6307,2026-04-20
"Leannon, Harber and Raynor","Product 268",79.5489,2026-04-20
"Zulauf, Wintheiser and Altenwerth","Product 269",68.7203,2026-04-20
"Zulauf, Wintheiser and Altenwerth","Product 269",68.7203,2026-04-20
"Abernathy, Lind and Fritsch","Product 270",1.5502,2026-04-23
"Abernathy, Lind and Fritsch","Product 270",21.8089,2026-04-20
"Torphy, Cruickshank and Kunze","Product 271",9.3768,2026-04-23
"Torphy, Cruickshank and Kunze","Product 271",37.2093,2026-04-20
"Rath Group","Product 272",23.0311,2026-04-20
"Rath Group","Product 272",23.0311,2026-04-20
"Wuckert LLC","Product 274",61.4312,2026-04-23
"Wuckert LLC","Product 274",61.4312,2026-04-23
"Leannon, Harber and Raynor","Product 275",18.9275,2026-04-20
"Leannon, Harber and Raynor","Product 275",54.3604,2026-04-20
Kautzer-Wintheiser,"Product 277",36.4190,2026-04-23
Kautzer-Wintheiser,"Product 277",84.9440,2026-04-20
Kautzer-Wintheiser,"Product 280",14.3315,2026-04-23
Kautzer-Wintheiser,"Product 280",86.1572,2026-04-20
"Leannon, Harber and Raynor","Product 281",29.6099,2026-04-20
"Leannon, Harber and Raynor","Product 281",67.7966,2026-04-23
Franecki-Nikolaus,"Product 282",43.6472,2026-04-20
Franecki-Nikolaus,"Product 282",80.5894,2026-04-23
"McDermott Group","Product 283",32.8261,2026-04-20
"McDermott Group","Product 283",61.0699,2026-04-20
"Wolff Ltd","Product 284",90.9658,2026-04-20
"Wolff Ltd","Product 284",98.8305,2026-04-23
"Kiehn, Rau and Hintz","Product 285",21.5191,2026-04-23
"Kiehn, Rau and Hintz","Product 285",59.1620,2026-04-20
Franecki-Nikolaus,"Product 286",41.4363,2026-04-20
Franecki-Nikolaus,"Product 286",69.3815,2026-04-23
"Zulauf, Wintheiser and Altenwerth","Product 287",11.8633,2026-04-20
"Zulauf, Wintheiser and Altenwerth","Product 287",76.2242,2026-04-20
"Zulauf, Wintheiser and Altenwerth","Product 289",33.8879,2026-04-23
"Zulauf, Wintheiser and Altenwerth","Product 289",83.6727,2026-04-20
"Schmidt, Wiegand and Grimes","Product 290",47.1675,2026-04-20
"Schmidt, Wiegand and Grimes","Product 290",56.1020,2026-04-20
"McDermott Group","Product 291",83.2125,2026-04-23
"McDermott Group","Product 291",83.2125,2026-04-23
"Rath Group","Product 292",14.6955,2026-04-20
"Rath Group","Product 292",92.0046,2026-04-23
"Kiehn, Rau and Hintz","Product 293",9.2183,2026-04-20
"Kiehn, Rau and Hintz","Product 293",39.9930,2026-04-23
O'Reilly-Johnston,"Product 294",77.9082,2026-04-23
O'Reilly-Johnston,"Product 294",77.9082,2026-04-23
Schowalter-McGlynn,"Product 295",19.3518,2026-04-20
Schowalter-McGlynn,"Product 295",69.5971,2026-04-23
"Vandervort, O'Keefe and West","Product 296",24.0157,2026-04-23
"Vandervort, O'Keefe and West","Product 296",24.0157,2026-04-23
"Cummerata Inc","Product 298",4.9289,2026-04-20
"Cummerata Inc","Product 298",48.0345,2026-04-20
"Rath Group","Product 299",54.4988,2026-04-23
"Rath Group","Product 299",54.4988,2026-04-23
Schowalter-McGlynn,"Product 301",41.2265,2026-04-20
Schowalter-McGlynn,"Product 301",41.2265,2026-04-20
"Wolff Ltd","Product 302",52.1024,2026-04-20
"Wolff Ltd","Product 302",99.6091,2026-04-20
"Schmidt, Wiegand and Grimes","Product 303",16.4515,2026-04-23
"Schmidt, Wiegand and Grimes","Product 303",86.8766,2026-04-20
"Wuckert LLC","Product 304",23.8120,2026-04-23
"Wuckert LLC","Product 304",23.8120,2026-04-23
"Jacobi Group","Product 305",24.3104,2026-04-20
"Jacobi Group","Product 305",96.4291,2026-04-20
"Howe and Sons","Product 306",52.0031,2026-04-20
"Howe and Sons","Product 306",53.7328,2026-04-23
Fadel-Jerde,"Product 307",14.9443,2026-04-20
Fadel-Jerde,"Product 307",47.0679,2026-04-20
"Toy, Kutch and Mraz","Product 309",90.2959,2026-04-20
"Toy, Kutch and Mraz","Product 309",90.2959,2026-04-20
"Rath Group","Product 310",5.7536,2026-04-23
"Rath Group","Product 310",33.2552,2026-04-20
"Jerde, Pfannerstill and Jast","Product 311",65.1344,2026-04-20
"Jerde, Pfannerstill and Jast","Product 311",65.1344,2026-04-20
"Corkery and Sons","Product 312",33.1779,2026-04-23
"Corkery and Sons","Product 312",64.5780,2026-04-20
"Konopelski PLC","Product 313",6.2568,2026-04-23
"Konopelski PLC","Product 313",6.2568,2026-04-23
O'Reilly-Johnston,"Product 314",57.3358,2026-04-20
O'Reilly-Johnston,"Product 314",99.1798,2026-04-23
"Rodriguez, Price and Wisozk","Product 315",59.9060,2026-04-23
"Rodriguez, Price and Wisozk","Product 315",96.7171,2026-04-20
"Konopelski PLC","Product 319",21.2762,2026-04-20
"Konopelski PLC","Product 319",22.3532,2026-04-20
"Carroll, Franecki and Block","Product 320",19.2367,2026-04-23
"Carroll, Franecki and Block","Product 320",19.2367,2026-04-23
"Wolff Ltd","Product 323",7.7972,2026-04-20
"Wolff Ltd","Product 323",78.4565,2026-04-20
Fadel-Jerde,"Product 324",6.3389,2026-04-20
Fadel-Jerde,"Product 324",9.8154,2026-04-23
"McDermott Group","Product 325",30.1839,2026-04-20
"McDermott Group","Product 325",90.1715,2026-04-20
Franecki-Nikolaus,"Product 326",21.4152,2026-04-20
Franecki-Nikolaus,"Product 326",39.3779,2026-04-23
"Gusikowski, Kohler and Kiehn","Product 328",98.6809,2026-04-23
"Gusikowski, Kohler and Kiehn","Product 328",98.6809,2026-04-23
Kautzer-Wintheiser,"Product 330",26.1665,2026-04-23
Kautzer-Wintheiser,"Product 330",91.5742,2026-04-20
"Schmidt, Wiegand and Grimes","Product 331",23.5148,2026-04-23
"Schmidt, Wiegand and Grimes","Product 331",74.0712,2026-04-20
"Friesen Group","Product 332",17.8945,2026-04-23
"Friesen Group","Product 332",17.8945,2026-04-23
Douglas-Lehner,"Product 334",3.9579,2026-04-23
Douglas-Lehner,"Product 334",67.9294,2026-04-20
"Howe and Sons","Product 336",35.1324,2026-04-20
"Howe and Sons","Product 336",35.1324,2026-04-20
"Cummerata Inc","Product 337",32.0837,2026-04-20
"Cummerata Inc","Product 337",77.2126,2026-04-23
Gottlieb-Hill,"Product 339",9.9082,2026-04-20
Gottlieb-Hill,"Product 339",9.9082,2026-04-20
"McClure, Kuhic and Rolfson","Product 340",21.6809,2026-04-20
"McClure, Kuhic and Rolfson","Product 340",53.1705,2026-04-20
"Schmidt, Wiegand and Grimes","Product 341",47.4998,2026-04-20
"Schmidt, Wiegand and Grimes","Product 341",98.6007,2026-04-23
"Cormier, Spinka and Mante","Product 342",7.1157,2026-04-20
"Cormier, Spinka and Mante","Product 342",10.1214,2026-04-20
"Mertz, Lowe and Abernathy","Product 343",18.2519,2026-04-23
"Mertz, Lowe and Abernathy","Product 343",78.7322,2026-04-20
"Collier, Hirthe and Maggio","Product 344",37.1903,2026-04-20
"Collier, Hirthe and Maggio","Product 344",80.3329,2026-04-20
"Howe and Sons","Product 345",74.5966,2026-04-23
"Howe and Sons","Product 345",84.2632,2026-04-20
Gottlieb-Hill,"Product 346",90.2593,2026-04-20
Gottlieb-Hill,"Product 346",98.1054,2026-04-20
Kautzer-Wintheiser,"Product 347",5.8744,2026-04-20
Kautzer-Wintheiser,"Product 347",13.7588,2026-04-23
"Collier, Hirthe and Maggio","Product 348",16.3246,2026-04-20
"Collier, Hirthe and Maggio","Product 348",85.5276,2026-04-20
Douglas-Lehner,"Product 349",75.5061,2026-04-20
Douglas-Lehner,"Product 349",75.5061,2026-04-20
"Ernser, Grady and Batz","Product 350",7.1783,2026-04-20
"Ernser, Grady and Batz","Product 350",98.9265,2026-04-20
Fadel-Jerde,"Product 351",38.6635,2026-04-20
Fadel-Jerde,"Product 351",82.3091,2026-04-20
"Lueilwitz and Sons","Product 353",4.2556,2026-04-20
"Lueilwitz and Sons","Product 353",83.0171,2026-04-23
"Zboncak, Bradtke and Hayes","Product 355",1.0122,2026-04-20
"Zboncak, Bradtke and Hayes","Product 355",86.1286,2026-04-20
Upton-Skiles,"Product 357",20.8265,2026-04-20
Upton-Skiles,"Product 357",83.9754,2026-04-23
"Collier, Hirthe and Maggio","Product 358",52.7168,2026-04-20
"Collier, Hirthe and Maggio","Product 358",57.2413,2026-04-23
"Turcotte, Daniel and Harber","Product 359",19.1690,2026-04-23
"Turcotte, Daniel and Harber","Product 359",19.1690,2026-04-23
"Konopelski PLC","Product 360",15.1515,2026-04-20
"Konopelski PLC","Product 360",15.1515,2026-04-20
"Hill, Nikolaus and Watsica","Product 362",1.4078,2026-04-20
"Hill, Nikolaus and Watsica","Product 362",22.5878,2026-04-23
"Corkery and Sons","Product 363",43.4507,2026-04-20
"Corkery and Sons","Product 363",98.7298,2026-04-23
O'Reilly-Johnston,"Product 364",9.6493,2026-04-20
O'Reilly-Johnston,"Product 364",14.2911,2026-04-20
"Kuphal, Mraz and Gusikowski","Product 366",37.8223,2026-04-20
"Kuphal, Mraz and Gusikowski","Product 366",37.8223,2026-04-20
"Carroll, Franecki and Block","Product 367",11.1940,2026-04-20
"Carroll, Franecki and Block","Product 367",89.8802,2026-04-23
"Konopelski PLC","Product 368",22.1593,2026-04-20
"Konopelski PLC","Product 368",64.9327,2026-04-20
"Kiehn, Rau and Hintz","Product 370",62.7753,2026-04-20
"Kiehn, Rau and Hintz","Product 370",62.7753,2026-04-20
Gottlieb-Hill,"Product 371",68.1129,2026-04-20
Gottlieb-Hill,"Product 371",91.5482,2026-04-23
"McDermott Group","Product 372",72.8594,2026-04-23
"McDermott Group","Product 372",72.8594,2026-04-23
Hessel-Hermiston,"Product 373",18.6003,2026-04-20
Hessel-Hermiston,"Product 373",84.3141,2026-04-20
"Wuckert LLC","Product 374",93.0841,2026-04-20
"Wuckert LLC","Product 374",93.0841,2026-04-20
Kautzer-Wintheiser,"Product 375",64.7646,2026-04-20
Kautzer-Wintheiser,"Product 375",83.5204,2026-04-20
Douglas-Lehner,"Product 376",47.6239,2026-04-20
Douglas-Lehner,"Product 376",85.3011,2026-04-20
"Carroll, Franecki and Block","Product 377",8.9812,2026-04-20
"Carroll, Franecki and Block","Product 377",61.6849,2026-04-23
Keebler-Nolan,"Product 378",72.3885,2026-04-20
Keebler-Nolan,"Product 378",72.3885,2026-04-20
"Cormier, Spinka and Mante","Product 379",9.3071,2026-04-20
"Cormier, Spinka and Mante","Product 379",49.4588,2026-04-20
"Jacobi Group","Product 380",62.2397,2026-04-23
"Jacobi Group","Product 380",62.2397,2026-04-23
"Wolff Ltd","Product 381",37.2074,2026-04-20
"Wolff Ltd","Product 381",86.0299,2026-04-20
"Beatty LLC","Product 382",19.0415,2026-04-20
"Beatty LLC","Product 382",33.3124,2026-04-20
"Collier, Hirthe and Maggio","Product 383",20.9345,2026-04-23
"Collier, Hirthe and Maggio","Product 383",20.9345,2026-04-23
"Gusikowski, Kohler and Kiehn","Product 384",4.3560,2026-04-20
"Gusikowski, Kohler and Kiehn","Product 384",26.5927,2026-04-20
"McDermott Group","Product 388",51.2713,2026-04-20
"McDermott Group","Product 388",51.2713,2026-04-20
"Jacobi Group","Product 389",18.9246,2026-04-23
"Jacobi Group","Product 389",95.9634,2026-04-20
"Wuckert LLC","Product 390",84.0594,2026-04-20
"Wuckert LLC","Product 390",84.0594,2026-04-20
"Hermann, Frami and Ledner","Product 391",11.4281,2026-04-20
"Hermann, Frami and Ledner","Product 391",13.2768,2026-04-20
Gottlieb-Hill,"Product 392",80.7381,2026-04-20
Gottlieb-Hill,"Product 392",80.7381,2026-04-20
"Friesen Group","Product 393",45.5456,2026-04-23
"Friesen Group","Product 393",90.9847,2026-04-20
Hessel-Hermiston,"Product 396",87.7170,2026-04-20
Hessel-Hermiston,"Product 396",88.9174,2026-04-23
"Jerde, Pfannerstill and Jast","Product 397",5.0250,2026-04-23
"Jerde, Pfannerstill and Jast","Product 397",5.0250,2026-04-23
"Gusikowski, Kohler and Kiehn","Product 398",37.5165,2026-04-20
"Gusikowski, Kohler and Kiehn","Product 398",91.1505,2026-04-20
"Friesen Group","Product 399",32.3626,2026-04-20
"Friesen Group","Product 399",32.3626,2026-04-20
"Zboncak, Bradtke and Hayes","Product 400",24.2522,2026-04-20
"Zboncak, Bradtke and Hayes","Product 400",55.0906,2026-04-23
"Carroll, Franecki and Block","Product 401",32.5282,2026-04-20
"Carroll, Franecki and Block","Product 401",68.2009,2026-04-20
"Ernser, Grady and Batz","Product 402",22.1330,2026-04-20
"Ernser, Grady and Batz","Product 402",88.6750,2026-04-20
"Collier, Hirthe and Maggio","Product 403",34.1629,2026-04-20
"Collier, Hirthe and Maggio","Product 403",34.1629,2026-04-20
"Zboncak, Bradtke and Hayes","Product 404",37.9871,2026-04-23
"Zboncak, Bradtke and Hayes","Product 404",47.5544,2026-04-20
Keebler-Nolan,"Product 405",68.3896,2026-04-23
Keebler-Nolan,"Product 405",68.3896,2026-04-23
Keebler-Nolan,"Product 406",27.7215,2026-04-23
Keebler-Nolan,"Product 406",27.7215,2026-04-23
"Howe and Sons","Product 407",11.6664,2026-04-20
"Howe and Sons","Product 407",96.6348,2026-04-20
"McDermott Group","Product 408",96.1158,2026-04-20
"McDermott Group","Product 408",96.1158,2026-04-20
"Wolff Ltd","Product 409",29.3327,2026-04-23
"Wolff Ltd","Product 409",29.3327,2026-04-23
Kautzer-Wintheiser,"Product 410",6.1636,2026-04-23
Kautzer-Wintheiser,"Product 410",6.1636,2026-04-23
"Abernathy, Lind and Fritsch","Product 411",26.6235,2026-04-23
"Abernathy, Lind and Fritsch","Product 411",26.6235,2026-04-23
"Toy, Kutch and Mraz","Product 413",9.2045,2026-04-20
"Toy, Kutch and Mraz","Product 413",77.1175,2026-04-23
"Toy, Kutch and Mraz","Product 414",35.9873,2026-04-20
"Toy, Kutch and Mraz","Product 414",78.3249,2026-04-23
"Botsford, Koepp and Miller","Product 416",7.3488,2026-04-23
"Botsford, Koepp and Miller","Product 416",35.9801,2026-04-20
"Cormier, Spinka and Mante","Product 417",54.9516,2026-04-20
"Cormier, Spinka and Mante","Product 417",54.9516,2026-04-20
Schowalter-McGlynn,"Product 418",93.4958,2026-04-23
Schowalter-McGlynn,"Product 418",93.4958,2026-04-23
"Rath Group","Product 420",89.8739,2026-04-20
"Rath Group","Product 420",89.8739,2026-04-20
"Kuphal, Mraz and Gusikowski","Product 421",85.8820,2026-04-20
"Kuphal, Mraz and Gusikowski","Product 421",85.8820,2026-04-20
"Schmidt, Wiegand and Grimes","Product 422",62.6359,2026-04-23
"Schmidt, Wiegand and Grimes","Product 422",62.6359,2026-04-23
"Toy, Kutch and Mraz","Product 423",34.8828,2026-04-20
"Toy, Kutch and Mraz","Product 423",42.4634,2026-04-23
"Ernser, Grady and Batz","Product 424",9.2023,2026-04-23
"Ernser, Grady and Batz","Product 424",86.5835,2026-04-20
Douglas-Lehner,"Product 425",68.2899,2026-04-23
Douglas-Lehner,"Product 425",68.2899,2026-04-23
"McDermott Group","Product 426",54.1717,2026-04-23
"McDermott Group","Product 426",54.1717,2026-04-23
"Ernser, Grady and Batz","Product 427",8.9455,2026-04-23
"Ernser, Grady and Batz","Product 427",94.5286,2026-04-20
"McClure, Kuhic and Rolfson","Product 429",16.3499,2026-04-20
"McClure, Kuhic and Rolfson","Product 429",96.6211,2026-04-20
"McClure, Kuhic and Rolfson","Product 430",28.1820,2026-04-23
"McClure, Kuhic and Rolfson","Product 430",64.0653,2026-04-20
Upton-Skiles,"Product 431",50.3084,2026-04-20
Upton-Skiles,"Product 431",67.7931,2026-04-23
Gottlieb-Hill,"Product 432",86.5215,2026-04-20
Gottlieb-Hill,"Product 432",97.7271,2026-04-20
"Ernser, Grady and Batz","Product 433",32.3246,2026-04-20
"Ernser, Grady and Batz","Product 433",32.3246,2026-04-20
Hessel-Hermiston,"Product 434",24.0605,2026-04-20
Hessel-Hermiston,"Product 434",96.6886,2026-04-23
Keebler-Nolan,"Product 435",45.4039,2026-04-23
Keebler-Nolan,"Product 435",70.4266,2026-04-20
"Torphy, Cruickshank and Kunze","Product 436",46.8499,2026-04-20
"Torphy, Cruickshank and Kunze","Product 436",46.8499,2026-04-20
"Greenfelder, Leffler and Greenfelder","Product 438",11.5911,2026-04-20
"Greenfelder, Leffler and Greenfelder","Product 438",90.6668,2026-04-23
"Carroll, Franecki and Block","Product 439",85.4186,2026-04-20
"Carroll, Franecki and Block","Product 439",85.4186,2026-04-20
"Wuckert LLC","Product 440",44.4956,2026-04-23
"Wuckert LLC","Product 440",44.4956,2026-04-23
Keebler-Nolan,"Product 442",61.7136,2026-04-20
Keebler-Nolan,"Product 442",61.7136,2026-04-20
"McDermott Group","Product 444",42.7957,2026-04-20
"McDermott Group","Product 444",42.7957,2026-04-20
"Jerde, Pfannerstill and Jast","Product 446",24.1912,2026-04-20
"Jerde, Pfannerstill and Jast","Product 446",24.1912,2026-04-20
"Ernser, Grady and Batz","Product 447",14.8260,2026-04-23
"Ernser, Grady and Batz","Product 447",49.4473,2026-04-20
"Lueilwitz and Sons","Product 448",42.9371,2026-04-20
"Lueilwitz and Sons","Product 448",74.9845,2026-04-20
Schowalter-McGlynn,"Product 449",37.6185,2026-04-20
Schowalter-McGlynn,"Product 449",37.6185,2026-04-20
Schowalter-McGlynn,"Product 451",40.7354,2026-04-23
Schowalter-McGlynn,"Product 451",40.7354,2026-04-23
Douglas-Lehner,"Product 452",17.3926,2026-04-20
Douglas-Lehner,"Product 452",61.4975,2026-04-20
Kuvalis-Labadie,"Product 454",34.2293,2026-04-23
Kuvalis-Labadie,"Product 454",34.2293,2026-04-23
Fadel-Jerde,"Product 455",9.0273,2026-04-20
Fadel-Jerde,"Product 455",77.6717,2026-04-20
"Metz Inc","Product 458",11.9207,2026-04-20
"Metz Inc","Product 458",11.9207,2026-04-20
"Torphy, Cruickshank and Kunze","Product 459",80.5546,2026-04-23
"Torphy, Cruickshank and Kunze","Product 459",80.5546,2026-04-23
"Turcotte, Daniel and Harber","Product 460",1.7077,2026-04-20
"Turcotte, Daniel and Harber","Product 460",86.7166,2026-04-20
Keebler-Nolan,"Product 461",11.2601,2026-04-20
Keebler-Nolan,"Product 461",11.2601,2026-04-20
"Hill, Nikolaus and Watsica","Product 462",36.7040,2026-04-20
"Hill, Nikolaus and Watsica","Product 462",36.7040,2026-04-20
"Cormier, Spinka and Mante","Product 463",22.7627,2026-04-20
"Cormier, Spinka and Mante","Product 463",35.8326,2026-04-20
"Konopelski PLC","Product 464",44.6346,2026-04-23
"Konopelski PLC","Product 464",88.2205,2026-04-20
"Ernser, Grady and Batz","Product 465",22.7921,2026-04-23
"Ernser, Grady and Batz","Product 465",22.7921,2026-04-23
"Lueilwitz and Sons","Product 466",20.4257,2026-04-23
"Lueilwitz and Sons","Product 466",25.0996,2026-04-20
"Schmidt, Wiegand and Grimes","Product 467",7.2075,2026-04-23
"Schmidt, Wiegand and Grimes","Product 467",99.6221,2026-04-20
"McClure, Kuhic and Rolfson","Product 468",25.8555,2026-04-20
"McClure, Kuhic and Rolfson","Product 468",78.9209,2026-04-23
"Kuphal, Mraz and Gusikowski","Product 469",15.0232,2026-04-20
"Kuphal, Mraz and Gusikowski","Product 469",73.5884,2026-04-23
Upton-Skiles,"Product 470",39.9071,2026-04-23
Upton-Skiles,"Product 470",48.5332,2026-04-20
Gottlieb-Hill,"Product 471",32.2105,2026-04-20
Gottlieb-Hill,"Product 471",86.8876,2026-04-20
"Botsford, Koepp and Miller","Product 472",57.4100,2026-04-23
"Botsford, Koepp and Miller","Product 472",57.4100,2026-04-23
"Metz Inc","Product 474",22.9377,2026-04-20
"Metz Inc","Product 474",59.5393,2026-04-20
"Gusikowski, Kohler and Kiehn","Product 475",12.2957,2026-04-20
"Gusikowski, Kohler and Kiehn","Product 475",67.4348,2026-04-20
"Toy, Kutch and Mraz","Product 476",11.6279,2026-04-20
"Toy, Kutch and Mraz","Product 476",11.6279,2026-04-20
Upton-Skiles,"Product 477",55.0397,2026-04-23
Upton-Skiles,"Product 477",71.1520,2026-04-20
Fadel-Jerde,"Product 479",95.9231,2026-04-20
Fadel-Jerde,"Product 479",98.8251,2026-04-23
"Hill, Nikolaus and Watsica","Product 480",15.3070,2026-04-20
"Hill, Nikolaus and Watsica","Product 480",60.7534,2026-04-23
Hessel-Hermiston,"Product 482",12.9375,2026-04-23
Hessel-Hermiston,"Product 482",53.1418,2026-04-20
"Beatty LLC","Product 484",16.8593,2026-04-20
"Beatty LLC","Product 484",21.5543,2026-04-20
"Lueilwitz and Sons","Product 485",44.0472,2026-04-23
"Lueilwitz and Sons","Product 485",80.4000,2026-04-20
Keebler-Nolan,"Product 486",61.4314,2026-04-20
Keebler-Nolan,"Product 486",61.4314,2026-04-20
"Torphy, Cruickshank and Kunze","Product 487",58.4412,2026-04-20
"Torphy, Cruickshank and Kunze","Product 487",58.4412,2026-04-20
"Collier, Hirthe and Maggio","Product 488",49.0795,2026-04-20
"Collier, Hirthe and Maggio","Product 488",82.5119,2026-04-23
"McDermott Group","Product 489",16.2796,2026-04-20
"McDermott Group","Product 489",95.3160,2026-04-20
Fadel-Jerde,"Product 490",2.5463,2026-04-23
Fadel-Jerde,"Product 490",2.5463,2026-04-23
"Abernathy, Lind and Fritsch","Product 491",28.9533,2026-04-20
"Abernathy, Lind and Fritsch","Product 491",80.2682,2026-04-20
"Hermann, Frami and Ledner","Product 492",61.9347,2026-04-20
"Hermann, Frami and Ledner","Product 492",61.9347,2026-04-20
"Howe and Sons","Product 493",9.0013,2026-04-20
"Howe and Sons","Product 493",93.6439,2026-04-23
"Konopelski PLC","Product 497",17.5798,2026-04-20
"Konopelski PLC","Product 497",94.7136,2026-04-20
Upton-Skiles,"Product 498",27.8448,2026-04-20
Upton-Skiles,"Product 498",48.6357,2026-04-20
"Botsford, Koepp and Miller","Product 499",56.7954,2026-04-20
"Botsford, Koepp and Miller","Product 499",90.1100,2026-04-23
Grady-Baumbach,"Product 500",59.0419,2026-04-23
Grady-Baumbach,"Product 500",59.0419,2026-04-23
"Abernathy, Lind and Fritsch","Product 501",57.7852,2026-04-20
"Abernathy, Lind and Fritsch","Product 501",83.9034,2026-04-23
"Botsford, Koepp and Miller","Product 502",29.2983,2026-04-20
"Botsford, Koepp and Miller","Product 502",60.6597,2026-04-20
"Botsford, Koepp and Miller","Product 504",9.7837,2026-04-20
"Botsford, Koepp and Miller","Product 504",99.3096,2026-04-20
Grady-Baumbach,"Product 505",34.7063,2026-04-23
Grady-Baumbach,"Product 505",67.0563,2026-04-20
"Greenfelder, Leffler and Greenfelder","Product 506",42.3646,2026-04-23
"Greenfelder, Leffler and Greenfelder","Product 506",42.3646,2026-04-23
"Carroll, Franecki and Block","Product 507",45.2574,2026-04-20
"Carroll, Franecki and Block","Product 507",90.3582,2026-04-20
Kuvalis-Labadie,"Product 508",7.9834,2026-04-23
Kuvalis-Labadie,"Product 508",52.1997,2026-04-20
"Botsford, Koepp and Miller","Product 509",15.0857,2026-04-23
"Botsford, Koepp and Miller","Product 509",15.0857,2026-04-23
"Friesen Group","Product 510",49.3883,2026-04-23
"Friesen Group","Product 510",78.3725,2026-04-20
"Greenfelder, Leffler and Greenfelder","Product 512",7.6345,2026-04-23
"Greenfelder, Leffler and Greenfelder","Product 512",96.3396,2026-04-20
"Abernathy, Lind and Fritsch","Product 513",25.5647,2026-04-20
"Abernathy, Lind and Fritsch","Product 513",75.8684,2026-04-20
"Zulauf, Wintheiser and Altenwerth","Product 514",45.0217,2026-04-20
"Zulauf, Wintheiser and Altenwerth","Product 514",45.0217,2026-04-20
"Kuphal, Mraz and Gusikowski","Product 516",23.4002,2026-04-23
"Kuphal, Mraz and Gusikowski","Product 516",23.4002,2026-04-23
"Leannon, Harber and Raynor","Product 517",74.7824,2026-04-23
"Leannon, Harber and Raynor","Product 517",74.7824,2026-04-23
"Ernser, Grady and Batz","Product 518",12.3759,2026-04-20
"Ernser, Grady and Batz","Product 518",43.4149,2026-04-20
"Konopelski PLC","Product 519",52.8779,2026-04-20
"Konopelski PLC","Product 519",78.1334,2026-04-20
"Torphy, Cruickshank and Kunze","Product 520",68.3970,2026-04-23
"Torphy, Cruickshank and Kunze","Product 520",68.3970,2026-04-23
Schowalter-McGlynn,"Product 521",81.7284,2026-04-23
Schowalter-McGlynn,"Product 521",81.7284,2026-04-23
"Torphy, Cruickshank and Kunze","Product 522",3.4016,2026-04-23
"Torphy, Cruickshank and Kunze","Product 522",64.5128,2026-04-20
"Wuckert LLC","Product 523",2.1181,2026-04-20
"Wuckert LLC","Product 523",58.7622,2026-04-23
"Lueilwitz and Sons","Product 526",66.0858,2026-04-20
"Lueilwitz and Sons","Product 526",66.0858,2026-04-20
"Turcotte, Daniel and Harber","Product 528",1.1726,2026-04-23
"Turcotte, Daniel and Harber","Product 528",1.1726,2026-04-23
"Rippin Group","Product 529",74.9441,2026-04-23
"Rippin Group","Product 529",74.9441,2026-04-23
"McClure, Kuhic and Rolfson","Product 530",21.2035,2026-04-20
"McClure, Kuhic and Rolfson","Product 530",81.4977,2026-04-20
"Gusikowski, Kohler and Kiehn","Product 531",51.5758,2026-04-20
"Gusikowski, Kohler and Kiehn","Product 531",70.4541,2026-04-20
"Botsford, Koepp and Miller","Product 532",21.9623,2026-04-23
"Botsford, Koepp and Miller","Product 532",59.8113,2026-04-20
"Vandervort, O'Keefe and West","Product 534",81.2923,2026-04-20
"Vandervort, O'Keefe and West","Product 534",81.2923,2026-04-20
"Gusikowski, Kohler and Kiehn","Product 536",95.4196,2026-04-20
"Gusikowski, Kohler and Kiehn","Product 536",95.4196,2026-04-20
"McClure, Kuhic and Rolfson","Product 538",14.7292,2026-04-20
"McClure, Kuhic and Rolfson","Product 538",95.7508,2026-04-23
"Hill, Nikolaus and Watsica","Product 539",13.8268,2026-04-20
"Hill, Nikolaus and Watsica","Product 539",93.3169,2026-04-20
"Howe and Sons","Product 541",96.7600,2026-04-20
"Howe and Sons","Product 541",96.7600,2026-04-20
"Zboncak, Bradtke and Hayes","Product 542",14.1709,2026-04-20
"Zboncak, Bradtke and Hayes","Product 542",16.6511,2026-04-20
"Gusikowski, Kohler and Kiehn","Product 543",10.3542,2026-04-23
"Gusikowski, Kohler and Kiehn","Product 543",99.5394,2026-04-20
"Zboncak, Bradtke and Hayes","Product 544",1.9339,2026-04-20
"Zboncak, Bradtke and Hayes","Product 544",1.9339,2026-04-20
"Konopelski PLC","Product 545",25.3559,2026-04-20
"Konopelski PLC","Product 545",84.4183,2026-04-23
"Kuphal, Mraz and Gusikowski","Product 546",16.2076,2026-04-20
"Kuphal, Mraz and Gusikowski","Product 546",16.2076,2026-04-20
Hessel-Hermiston,"Product 547",46.1788,2026-04-20
Hessel-Hermiston,"Product 547",55.6751,2026-04-23
"Metz Inc","Product 551",33.6587,2026-04-23
"Metz Inc","Product 551",45.3471,2026-04-20
Gottlieb-Hill,"Product 552",97.5920,2026-04-23
Gottlieb-Hill,"Product 552",97.5920,2026-04-23
Gottlieb-Hill,"Product 554",18.0281,2026-04-20
Gottlieb-Hill,"Product 554",30.0607,2026-04-23
"Rath Group","Product 555",17.6762,2026-04-20
"Rath Group","Product 555",43.1951,2026-04-23
"Hermann, Frami and Ledner","Product 557",45.7510,2026-04-20
"Hermann, Frami and Ledner","Product 557",46.5112,2026-04-23
"Wolff Ltd","Product 558",35.5514,2026-04-20
"Wolff Ltd","Product 558",35.5514,2026-04-20
"Wuckert LLC","Product 559",81.4206,2026-04-20
"Wuckert LLC","Product 559",97.1801,2026-04-20
"Hermann, Frami and Ledner","Product 560",40.5503,2026-04-20
"Hermann, Frami and Ledner","Product 560",71.3406,2026-04-23
"Schmidt, Wiegand and Grimes","Product 561",84.8683,2026-04-20
"Schmidt, Wiegand and Grimes","Product 561",84.8683,2026-04-20
"Schmidt, Wiegand and Grimes","Product 562",45.2542,2026-04-20
"Schmidt, Wiegand and Grimes","Product 562",57.5237,2026-04-20
Grady-Baumbach,"Product 563",4.3269,2026-04-20
Grady-Baumbach,"Product 563",97.5280,2026-04-23
"Rippin Group","Product 564",23.4446,2026-04-23
"Rippin Group","Product 564",48.2488,2026-04-20
"Lueilwitz and Sons","Product 565",15.7083,2026-04-20
"Lueilwitz and Sons","Product 565",45.0300,2026-04-20
"Vandervort, O'Keefe and West","Product 566",9.4672,2026-04-20
"Vandervort, O'Keefe and West","Product 566",74.6625,2026-04-23
"Corkery and Sons","Product 567",61.1119,2026-04-20
"Corkery and Sons","Product 567",86.6669,2026-04-20
"Lueilwitz and Sons","Product 568",13.7343,2026-04-20
"Lueilwitz and Sons","Product 568",82.5656,2026-04-23
"Corkery and Sons","Product 569",14.3843,2026-04-20
"Corkery and Sons","Product 569",67.8057,2026-04-20
"Collier, Hirthe and Maggio","Product 570",10.5571,2026-04-20
"Collier, Hirthe and Maggio","Product 570",53.5407,2026-04-20
"Wolff Ltd","Product 571",10.9029,2026-04-20
"Wolff Ltd","Product 571",76.5671,2026-04-20
"Leannon, Harber and Raynor","Product 572",22.5924,2026-04-23
"Leannon, Harber and Raynor","Product 572",39.9519,2026-04-20
"Rath Group","Product 573",4.3016,2026-04-20
"Rath Group","Product 573",82.3294,2026-04-23
"Torphy, Cruickshank and Kunze","Product 575",56.8496,2026-04-20
"Torphy, Cruickshank and Kunze","Product 575",56.8496,2026-04-20
Gottlieb-Hill,"Product 576",25.6927,2026-04-20
Gottlieb-Hill,"Product 576",56.5312,2026-04-20
"McDermott Group","Product 578",4.9437,2026-04-20
"McDermott Group","Product 578",61.6270,2026-04-20
"Beatty LLC","Product 579",15.7604,2026-04-20
"Beatty LLC","Product 579",89.6668,2026-04-20
"Zboncak, Bradtke and Hayes","Product 580",79.3363,2026-04-23
"Zboncak, Bradtke and Hayes","Product 580",79.3363,2026-04-23
"Ernser, Grady and Batz","Product 581",40.0725,2026-04-23
"Ernser, Grady and Batz","Product 581",97.2231,2026-04-20
"Zulauf, Wintheiser and Altenwerth","Product 582",75.2964,2026-04-23
"Zulauf, Wintheiser and Altenwerth","Product 582",75.2964,2026-04-23
"Wolff Ltd","Product 583",88.2345,2026-04-20
"Wolff Ltd","Product 583",90.5402,2026-04-20
Upton-Skiles,"Product 584",34.4009,2026-04-20
Upton-Skiles,"Product 584",34.4009,2026-04-20
"Cummerata Inc","Product 585",33.9800,2026-04-23
"Cummerata Inc","Product 585",33.9800,2026-04-23
"Kiehn, Rau and Hintz","Product 586",5.1525,2026-04-23
"Kiehn, Rau and Hintz","Product 586",94.2486,2026-04-20
Franecki-Nikolaus,"Product 588",39.5402,2026-04-20
Franecki-Nikolaus,"Product 588",39.5402,2026-04-20
"Greenfelder, Leffler and Greenfelder","Product 589",29.4157,2026-04-23
"Greenfelder, Leffler and Greenfelder","Product 589",69.9077,2026-04-20
"Cummerata Inc","Product 590",9.7849,2026-04-20
"Cummerata Inc","Product 590",80.5488,2026-04-23
"Jacobi Group","Product 591",44.5079,2026-04-20
"Jacobi Group","Product 591",44.5079,2026-04-20
Keebler-Nolan,"Product 592",15.9836,2026-04-23
Keebler-Nolan,"Product 592",91.9146,2026-04-20
"Carroll, Franecki and Block","Product 593",84.3148,2026-04-20
"Carroll, Franecki and Block","Product 593",84.3148,2026-04-20
"Carroll, Franecki and Block","Product 594",92.7258,2026-04-23
"Carroll, Franecki and Block","Product 594",92.7258,2026-04-23
Gottlieb-Hill,"Product 597",5.4763,2026-04-23
Gottlieb-Hill,"Product 597",81.9347,2026-04-20
O'Reilly-Johnston,"Product 598",79.6429,2026-04-23
O'Reilly-Johnston,"Product 598",79.6429,2026-04-23
"Schmidt, Wiegand and Grimes","Product 599",12.4031,2026-04-20
"Schmidt, Wiegand and Grimes","Product 599",80.8306,2026-04-23
"Carroll, Franecki and Block","Product 600",46.2797,2026-04-23
"Carroll, Franecki and Block","Product 600",72.9598,2026-04-20
Schowalter-McGlynn,"Product 601",16.9883,2026-04-23
Schowalter-McGlynn,"Product 601",16.9883,2026-04-23
Keebler-Nolan,"Product 602",6.9178,2026-04-23
Keebler-Nolan,"Product 602",6.9178,2026-04-23
"Rath Group","Product 603",75.5570,2026-04-20
"Rath Group","Product 603",75.5570,2026-04-20
"Konopelski PLC","Product 604",31.5767,2026-04-20
"Konopelski PLC","Product 604",53.6735,2026-04-23
Douglas-Lehner,"Product 605",9.6134,2026-04-20
Douglas-Lehner,"Product 605",9.6134,2026-04-20
"Mertz, Lowe and Abernathy","Product 606",46.3190,2026-04-20
"Mertz, Lowe and Abernathy","Product 606",46.3190,2026-04-20
"Rodriguez, Price and Wisozk","Product 607",34.0973,2026-04-23
"Rodriguez, Price and Wisozk","Product 607",84.3032,2026-04-20
"Schmidt, Wiegand and Grimes","Product 608",63.7143,2026-04-23
"Schmidt, Wiegand and Grimes","Product 608",84.1825,2026-04-20
Douglas-Lehner,"Product 609",35.2384,2026-04-20
Douglas-Lehner,"Product 609",48.8280,2026-04-23
"Greenfelder, Leffler and Greenfelder","Product 610",10.6473,2026-04-20
"Greenfelder, Leffler and Greenfelder","Product 610",64.8192,2026-04-20
O'Reilly-Johnston,"Product 611",89.4306,2026-04-20
O'Reilly-Johnston,"Product 611",89.4306,2026-04-20
"Rippin Group","Product 612",24.5202,2026-04-23
"Rippin Group","Product 612",24.5202,2026-04-23
"Toy, Kutch and Mraz","Product 613",68.4681,2026-04-23
"Toy, Kutch and Mraz","Product 613",68.4681,2026-04-23
Franecki-Nikolaus,"Product 614",30.8608,2026-04-23
Franecki-Nikolaus,"Product 614",30.8608,2026-04-23
"Kuphal, Mraz and Gusikowski","Product 615",45.3105,2026-04-23
"Kuphal, Mraz and Gusikowski","Product 615",83.1854,2026-04-20
Schowalter-McGlynn,"Product 616",7.7029,2026-04-20
Schowalter-McGlynn,"Product 616",23.2414,2026-04-23
"Howe and Sons","Product 617",55.4018,2026-04-20
"Howe and Sons","Product 617",55.4018,2026-04-20
"Friesen Group","Product 618",81.9009,2026-04-20
"Friesen Group","Product 618",81.9009,2026-04-20
Upton-Skiles,"Product 619",14.4544,2026-04-23
Upton-Skiles,"Product 619",14.4544,2026-04-23
"Wolff Ltd","Product 620",16.5672,2026-04-20
"Wolff Ltd","Product 620",87.7431,2026-04-20
"McDermott Group","Product 621",47.0876,2026-04-23
"McDermott Group","Product 621",47.0876,2026-04-23
"Zulauf, Wintheiser and Altenwerth","Product 622",45.6921,2026-04-23
"Zulauf, Wintheiser and Altenwerth","Product 622",75.1052,2026-04-20
"Cormier, Spinka and Mante","Product 623",74.9582,2026-04-20
"Cormier, Spinka and Mante","Product 623",78.3471,2026-04-20
"Greenfelder, Leffler and Greenfelder","Product 624",71.5785,2026-04-20
"Greenfelder, Leffler and Greenfelder","Product 624",75.0869,2026-04-20
"Cummerata Inc","Product 625",41.5395,2026-04-20
"Cummerata Inc","Product 625",41.5395,2026-04-20
"Torphy, Cruickshank and Kunze","Product 626",3.3657,2026-04-20
"Torphy, Cruickshank and Kunze","Product 626",33.4830,2026-04-20
"Turcotte, Daniel and Harber","Product 627",27.3445,2026-04-20
"Turcotte, Daniel and Harber","Product 627",94.7172,2026-04-23
"Cormier, Spinka and Mante","Product 628",56.1036,2026-04-20
"Cormier, Spinka and Mante","Product 628",59.4599,2026-04-20
"Beatty LLC","Product 629",20.3922,2026-04-23
"Beatty LLC","Product 629",20.3922,2026-04-23
"Cormier, Spinka and Mante","Product 630",17.0113,2026-04-20
"Cormier, Spinka and Mante","Product 630",74.0438,2026-04-20
"Beatty LLC","Product 633",21.1755,2026-04-20
"Beatty LLC","Product 633",21.1755,2026-04-20
"Rath Group","Product 634",33.7942,2026-04-20
"Rath Group","Product 634",74.2614,2026-04-20
"McClure, Kuhic and Rolfson","Product 635",11.7743,2026-04-20
"McClure, Kuhic and Rolfson","Product 635",30.1298,2026-04-20
"Botsford, Koepp and Miller","Product 636",14.1586,2026-04-20
"Botsford, Koepp and Miller","Product 636",56.2369,2026-04-20
"Cummerata Inc","Product 637",49.1517,2026-04-20
"Cummerata Inc","Product 637",49.1517,2026-04-20
"Konopelski PLC","Product 638",4.2625,2026-04-23
"Konopelski PLC","Product 638",89.4443,2026-04-20
"Howe and Sons","Product 639",23.0869,2026-04-23
"Howe and Sons","Product 639",51.5033,2026-04-20
"Collier, Hirthe and Maggio","Product 640",13.8030,2026-04-23
"Collier, Hirthe and Maggio","Product 640",36.1499,2026-04-20
"Lueilwitz and Sons","Product 641",21.3292,2026-04-20
"Lueilwitz and Sons","Product 641",21.3292,2026-04-20
"Wolff Ltd","Product 642",46.0375,2026-04-20
"Wolff Ltd","Product 642",80.5146,2026-04-23
Franecki-Nikolaus,"Product 643",74.2823,2026-04-20
Franecki-Nikolaus,"Product 643",74.2823,2026-04-20
Schowalter-McGlynn,"Product 644",8.7473,2026-04-20
Schowalter-McGlynn,"Product 644",63.1621,2026-04-23
"McDermott Group","Product 645",60.0258,2026-04-23
"McDermott Group","Product 645",60.0258,2026-04-23
Kuvalis-Labadie,"Product 646",16.3333,2026-04-23
Kuvalis-Labadie,"Product 646",76.0057,2026-04-20
Kautzer-Wintheiser,"Product 647",87.8726,2026-04-20
Kautzer-Wintheiser,"Product 647",87.8726,2026-04-20
Douglas-Lehner,"Product 648",11.0229,2026-04-20
Douglas-Lehner,"Product 648",35.1694,2026-04-23
Upton-Skiles,"Product 649",29.6738,2026-04-20
Upton-Skiles,"Product 649",29.6738,2026-04-20
"Rippin Group","Product 650",84.3107,2026-04-20
"Rippin Group","Product 650",84.3107,2026-04-20
"Rippin Group","Product 651",62.0515,2026-04-23
"Rippin Group","Product 651",92.1800,2026-04-20
"Jerde, Pfannerstill and Jast","Product 652",24.3145,2026-04-20
"Jerde, Pfannerstill and Jast","Product 652",74.7077,2026-04-20
"Cormier, Spinka and Mante","Product 653",81.5606,2026-04-23
"Cormier, Spinka and Mante","Product 653",81.5606,2026-04-23
Kuvalis-Labadie,"Product 654",49.2493,2026-04-20
Kuvalis-Labadie,"Product 654",49.2493,2026-04-20
"Jerde, Pfannerstill and Jast","Product 655",25.1595,2026-04-23
"Jerde, Pfannerstill and Jast","Product 655",44.9264,2026-04-20
Grady-Baumbach,"Product 656",37.4307,2026-04-23
Grady-Baumbach,"Product 656",70.0851,2026-04-20
"Leannon, Harber and Raynor","Product 657",3.8486,2026-04-20
"Leannon, Harber and Raynor","Product 657",21.7109,2026-04-23
"Collier, Hirthe and Maggio","Product 658",49.5187,2026-04-20
"Collier, Hirthe and Maggio","Product 658",63.0370,2026-04-20
"Friesen Group","Product 659",8.7821,2026-04-20
"Friesen Group","Product 659",27.9230,2026-04-20
"Schmidt, Wiegand and Grimes","Product 660",24.8536,2026-04-23
"Schmidt, Wiegand and Grimes","Product 660",24.8536,2026-04-23
"Jacobi Group","Product 661",52.8903,2026-04-23
"Jacobi Group","Product 661",98.3155,2026-04-20
"Vandervort, O'Keefe and West","Product 662",66.6764,2026-04-20
"Vandervort, O'Keefe and West","Product 662",66.6764,2026-04-20
"Hill, Nikolaus and Watsica","Product 664",20.6226,2026-04-23
"Hill, Nikolaus and Watsica","Product 664",20.6226,2026-04-23
"Toy, Kutch and Mraz","Product 665",25.0147,2026-04-20
"Toy, Kutch and Mraz","Product 665",74.8428,2026-04-20
"Collier, Hirthe and Maggio","Product 666",15.1276,2026-04-23
"Collier, Hirthe and Maggio","Product 666",88.9750,2026-04-20
"Schmidt, Wiegand and Grimes","Product 667",41.7766,2026-04-20
"Schmidt, Wiegand and Grimes","Product 667",77.4016,2026-04-23
"Rath Group","Product 668",20.0336,2026-04-23
"Rath Group","Product 668",20.0336,2026-04-23
"Torphy, Cruickshank and Kunze","Product 669",3.6542,2026-04-23
"Torphy, Cruickshank and Kunze","Product 669",62.4901,2026-04-20
"Ernser, Grady and Batz","Product 670",1.9755,2026-04-20
"Ernser, Grady and Batz","Product 670",1.9755,2026-04-20
Kuvalis-Labadie,"Product 671",3.2469,2026-04-20
Kuvalis-Labadie,"Product 671",3.2469,2026-04-20
"Lueilwitz and Sons","Product 672",18.0710,2026-04-20
"Lueilwitz and Sons","Product 672",67.7744,2026-04-20
Grady-Baumbach,"Product 673",12.2268,2026-04-20
Grady-Baumbach,"Product 673",20.9451,2026-04-20
"Carroll, Franecki and Block","Product 674",21.8980,2026-04-20
"Carroll, Franecki and Block","Product 674",39.5496,2026-04-23
"Rodriguez, Price and Wisozk","Product 675",48.0574,2026-04-23
"Rodriguez, Price and Wisozk","Product 675",80.7985,2026-04-20
"Cummerata Inc","Product 676",52.2055,2026-04-20
"Cummerata Inc","Product 676",52.2055,2026-04-20
"Leannon, Harber and Raynor","Product 677",16.0700,2026-04-20
"Leannon, Harber and Raynor","Product 677",71.2483,2026-04-23
"Corkery and Sons","Product 678",11.3784,2026-04-23
"Corkery and Sons","Product 678",90.2640,2026-04-20
"Hill, Nikolaus and Watsica","Product 679",85.6656,2026-04-23
"Hill, Nikolaus and Watsica","Product 679",85.6656,2026-04-23
"Collier, Hirthe and Maggio","Product 682",14.1110,2026-04-20
"Collier, Hirthe and Maggio","Product 682",46.1916,2026-04-23
Keebler-Nolan,"Product 683",5.0655,2026-04-20
Keebler-Nolan,"Product 683",78.3713,2026-04-20
"Carroll, Franecki and Block","Product 684",22.3932,2026-04-20
"Carroll, Franecki and Block","Product 684",22.3932,2026-04-20
Schowalter-McGlynn,"Product 685",64.7841,2026-04-23
Schowalter-McGlynn,"Product 685",64.7841,2026-04-23
Upton-Skiles,"Product 686",97.3707,2026-04-23
Upton-Skiles,"Product 686",97.3707,2026-04-23
"Jerde, Pfannerstill and Jast","Product 687",7.0729,2026-04-20
"Jerde, Pfannerstill and Jast","Product 687",55.9546,2026-04-20
"Rippin Group","Product 688",9.3315,2026-04-23
"Rippin Group","Product 688",99.9824,2026-04-20
"Wuckert LLC","Product 689",34.2422,2026-04-20
"Wuckert LLC","Product 689",71.3753,2026-04-23
Kautzer-Wintheiser,"Product 691",30.4417,2026-04-20
Kautzer-Wintheiser,"Product 691",30.4417,2026-04-20
"Greenfelder, Leffler and Greenfelder","Product 692",72.5230,2026-04-20
"Greenfelder, Leffler and Greenfelder","Product 692",72.5230,2026-04-20
Grady-Baumbach,"Product 693",71.0681,2026-04-20
Grady-Baumbach,"Product 693",72.0206,2026-04-20
"Howe and Sons","Product 694",9.0054,2026-04-20
"Howe and Sons","Product 694",79.1503,2026-04-23
"Toy, Kutch and Mraz","Product 695",1.6929,2026-04-20
"Toy, Kutch and Mraz","Product 695",66.5511,2026-04-23
Fadel-Jerde,"Product 696",5.9801,2026-04-20
Fadel-Jerde,"Product 696",17.4133,2026-04-20
"Hill, Nikolaus and Watsica","Product 697",23.4453,2026-04-20
"Hill, Nikolaus and Watsica","Product 697",23.4453,2026-04-20
"Toy, Kutch and Mraz","Product 698",76.4761,2026-04-23
"Toy, Kutch and Mraz","Product 698",76.4761,2026-04-23
"Friesen Group","Product 699",5.8430,2026-04-20
"Friesen Group","Product 699",90.8764,2026-04-23
"Corkery and Sons","Product 700",61.8589,2026-04-20
"Corkery and Sons","Product 700",95.6269,2026-04-20
"Turcotte, Daniel and Harber","Product 701",2.2254,2026-04-20
"Turcotte, Daniel and Harber","Product 701",26.3141,2026-04-20
"Ernser, Grady and Batz","Product 702",45.2944,2026-04-23
"Ernser, Grady and Batz","Product 702",45.2944,2026-04-23
"Lueilwitz and Sons","Product 703",10.0666,2026-04-20
"Lueilwitz and Sons","Product 703",10.0666,2026-04-20
"Cummerata Inc","Product 704",12.6860,2026-04-20
"Cummerata Inc","Product 704",35.3679,2026-04-20
"Zulauf, Wintheiser and Altenwerth","Product 705",20.5690,2026-04-23
"Zulauf, Wintheiser and Altenwerth","Product 705",21.3372,2026-04-20
"Abernathy, Lind and Fritsch","Product 707",96.5615,2026-04-20
"Abernathy, Lind and Fritsch","Product 707",96.5615,2026-04-20
"Torphy, Cruickshank and Kunze","Product 708",14.5295,2026-04-20
"Torphy, Cruickshank and Kunze","Product 708",38.7767,2026-04-20
Grady-Baumbach,"Product 709",2.5312,2026-04-20
Grady-Baumbach,"Product 709",2.5312,2026-04-20
"Zulauf, Wintheiser and Altenwerth","Product 710",47.9378,2026-04-23
"Zulauf, Wintheiser and Altenwerth","Product 710",47.9378,2026-04-23
"Howe and Sons","Product 711",24.6833,2026-04-20
"Howe and Sons","Product 711",24.6833,2026-04-20
"Rippin Group","Product 714",8.4549,2026-04-23
"Rippin Group","Product 714",8.4549,2026-04-23
"Lueilwitz and Sons","Product 715",36.1126,2026-04-23
"Lueilwitz and Sons","Product 715",74.9320,2026-04-20
"Carroll, Franecki and Block","Product 717",38.9422,2026-04-23
"Carroll, Franecki and Block","Product 717",81.9060,2026-04-20
"Konopelski PLC","Product 718",99.6305,2026-04-23
"Konopelski PLC","Product 718",99.6305,2026-04-23
Upton-Skiles,"Product 719",10.1245,2026-04-20
Upton-Skiles,"Product 719",10.1245,2026-04-20
"Schmidt, Wiegand and Grimes","Product 720",50.1374,2026-04-20
"Schmidt, Wiegand and Grimes","Product 720",71.0618,2026-04-23
"Greenfelder, Leffler and Greenfelder","Product 721",38.5312,2026-04-23
"Greenfelder, Leffler and Greenfelder","Product 721",38.5312,2026-04-23
"Wolff Ltd","Product 722",23.5608,2026-04-20
"Wolff Ltd","Product 722",23.5608,2026-04-20
"Mertz, Lowe and Abernathy","Product 724",11.9935,2026-04-23
"Mertz, Lowe and Abernathy","Product 724",11.9935,2026-04-23
"Rodriguez, Price and Wisozk","Product 726",77.3603,2026-04-23
"Rodriguez, Price and Wisozk","Product 726",77.3603,2026-04-23
"Konopelski PLC","Product 727",10.5882,2026-04-20
"Konopelski PLC","Product 727",63.5256,2026-04-23
"Jacobi Group","Product 728",77.2025,2026-04-20
"Jacobi Group","Product 728",77.2025,2026-04-20
"Rippin Group","Product 729",74.5156,2026-04-20
"Rippin Group","Product 729",80.1850,2026-04-23
"Kiehn, Rau and Hintz","Product 730",44.2447,2026-04-20
"Kiehn, Rau and Hintz","Product 730",65.1080,2026-04-20
"Greenfelder, Leffler and Greenfelder","Product 732",23.7327,2026-04-23
"Greenfelder, Leffler and Greenfelder","Product 732",36.2571,2026-04-20
"Friesen Group","Product 733",56.3214,2026-04-23
"Friesen Group","Product 733",56.3214,2026-04-23
O'Reilly-Johnston,"Product 734",42.5440,2026-04-20
O'Reilly-Johnston,"Product 734",77.9912,2026-04-20
"Schmidt, Wiegand and Grimes","Product 735",62.0806,2026-04-20
"Schmidt, Wiegand and Grimes","Product 735",79.0836,2026-04-20
Keebler-Nolan,"Product 736",87.5620,2026-04-23
Keebler-Nolan,"Product 736",99.3658,2026-04-20
"Leannon, Harber and Raynor","Product 739",76.4970,2026-04-23
"Leannon, Harber and Raynor","Product 739",76.4970,2026-04-23
"Hermann, Frami and Ledner","Product 740",54.4157,2026-04-23
"Hermann, Frami and Ledner","Product 740",54.4157,2026-04-23
"Schmidt, Wiegand and Grimes","Product 741",93.2197,2026-04-20
"Schmidt, Wiegand and Grimes","Product 741",93.2197,2026-04-20
"Abernathy, Lind and Fritsch","Product 742",59.9708,2026-04-23
"Abernathy, Lind and Fritsch","Product 742",59.9708,2026-04-23
Franecki-Nikolaus,"Product 743",63.9146,2026-04-23
Franecki-Nikolaus,"Product 743",63.9146,2026-04-23
"Cummerata Inc","Product 744",12.0645,2026-04-23
"Cummerata Inc","Product 744",86.4651,2026-04-20
"Rodriguez, Price and Wisozk","Product 745",21.3442,2026-04-20
"Rodriguez, Price and Wisozk","Product 745",55.3686,2026-04-20
Grady-Baumbach,"Product 746",76.3920,2026-04-20
Grady-Baumbach,"Product 746",76.3920,2026-04-20
"Cummerata Inc","Product 747",76.0439,2026-04-20
"Cummerata Inc","Product 747",76.0439,2026-04-20
"Zulauf, Wintheiser and Altenwerth","Product 748",47.7021,2026-04-20
"Zulauf, Wintheiser and Altenwerth","Product 748",74.4831,2026-04-23
"Hill, Nikolaus and Watsica","Product 749",20.0479,2026-04-20
"Hill, Nikolaus and Watsica","Product 749",20.4669,2026-04-23
"Vandervort, O'Keefe and West","Product 750",18.1387,2026-04-20
"Vandervort, O'Keefe and West","Product 750",84.5691,2026-04-23
Grady-Baumbach,"Product 751",45.5252,2026-04-23
Grady-Baumbach,"Product 751",45.5252,2026-04-23
"Turcotte, Daniel and Harber","Product 752",67.1654,2026-04-20
"Turcotte, Daniel and Harber","Product 752",67.1654,2026-04-20
"Mertz, Lowe and Abernathy","Product 753",22.2021,2026-04-20
"Mertz, Lowe and Abernathy","Product 753",51.9140,2026-04-23
Hessel-Hermiston,"Product 754",21.6992,2026-04-23
Hessel-Hermiston,"Product 754",21.6992,2026-04-23
"Collier, Hirthe and Maggio","Product 755",3.8133,2026-04-20
"Collier, Hirthe and Maggio","Product 755",3.8133,2026-04-20
"Turcotte, Daniel and Harber","Product 756",82.7892,2026-04-23
"Turcotte, Daniel and Harber","Product 756",82.7892,2026-04-23
"McClure, Kuhic and Rolfson","Product 757",25.5887,2026-04-20
"McClure, Kuhic and Rolfson","Product 757",95.7393,2026-04-20
"Zboncak, Bradtke and Hayes","Product 758",20.0924,2026-04-20
"Zboncak, Bradtke and Hayes","Product 758",89.7795,2026-04-20
"Leannon, Harber and Raynor","Product 759",34.5707,2026-04-23
"Leannon, Harber and Raynor","Product 759",34.5707,2026-04-23
"Lueilwitz and Sons","Product 760",71.6636,2026-04-20
"Lueilwitz and Sons","Product 760",86.3004,2026-04-23
"Rath Group","Product 761",56.3563,2026-04-20
"Rath Group","Product 761",56.3563,2026-04-20
Douglas-Lehner,"Product 762",19.9499,2026-04-20
Douglas-Lehner,"Product 762",32.8270,2026-04-20
"Beatty LLC","Product 763",44.6167,2026-04-20
"Beatty LLC","Product 763",65.5183,2026-04-20
O'Reilly-Johnston,"Product 765",26.9767,2026-04-23
O'Reilly-Johnston,"Product 765",26.9767,2026-04-23
"Leannon, Harber and Raynor","Product 766",1.0477,2026-04-23
"Leannon, Harber and Raynor","Product 766",1.0477,2026-04-23
Keebler-Nolan,"Product 769",5.4970,2026-04-20
Keebler-Nolan,"Product 769",41.2955,2026-04-23
"McDermott Group","Product 770",69.0812,2026-04-23
"McDermott Group","Product 770",77.9011,2026-04-20
"Carroll, Franecki and Block","Product 771",74.2425,2026-04-20
"Carroll, Franecki and Block","Product 771",74.2425,2026-04-20
"Zulauf, Wintheiser and Altenwerth","Product 772",24.8024,2026-04-20
"Zulauf, Wintheiser and Altenwerth","Product 772",82.1012,2026-04-20
"Cormier, Spinka and Mante","Product 773",53.7998,2026-04-20
"Cormier, Spinka and Mante","Product 773",59.3535,2026-04-20
Upton-Skiles,"Product 774",41.0627,2026-04-23
Upton-Skiles,"Product 774",41.0627,2026-04-23
"Rippin Group","Product 775",18.7702,2026-04-23
"Rippin Group","Product 775",56.6122,2026-04-20
"Rath Group","Product 778",2.6951,2026-04-20
"Rath Group","Product 778",29.5510,2026-04-20
Keebler-Nolan,"Product 779",65.7816,2026-04-20
Keebler-Nolan,"Product 779",65.7816,2026-04-20
Gottlieb-Hill,"Product 780",20.7234,2026-04-20
Gottlieb-Hill,"Product 780",20.7234,2026-04-20
"Greenfelder, Leffler and Greenfelder","Product 781",8.7687,2026-04-23
"Greenfelder, Leffler and Greenfelder","Product 781",82.1404,2026-04-20
"Botsford, Koepp and Miller","Product 782",31.7485,2026-04-23
"Botsford, Koepp and Miller","Product 782",63.7950,2026-04-20
Kuvalis-Labadie,"Product 783",40.9892,2026-04-20
Kuvalis-Labadie,"Product 783",40.9892,2026-04-20
Kautzer-Wintheiser,"Product 784",46.0340,2026-04-20
Kautzer-Wintheiser,"Product 784",46.0340,2026-04-20
Kautzer-Wintheiser,"Product 785",71.5096,2026-04-23
Kautzer-Wintheiser,"Product 785",82.3586,2026-04-20
"Rodriguez, Price and Wisozk","Product 787",68.9633,2026-04-20
"Rodriguez, Price and Wisozk","Product 787",68.9633,2026-04-20
"Friesen Group","Product 789",7.2939,2026-04-20
"Friesen Group","Product 789",53.0750,2026-04-23
"Rodriguez, Price and Wisozk","Product 790",95.8612,2026-04-20
"Rodriguez, Price and Wisozk","Product 790",95.8612,2026-04-20
"Kuphal, Mraz and Gusikowski","Product 791",58.0668,2026-04-20
"Kuphal, Mraz and Gusikowski","Product 791",80.9081,2026-04-20
"McClure, Kuhic and Rolfson","Product 792",53.7606,2026-04-20
"McClure, Kuhic and Rolfson","Product 792",53.7606,2026-04-20
"Botsford, Koepp and Miller","Product 799",16.8612,2026-04-20
"Botsford, Koepp and Miller","Product 799",95.9863,2026-04-20
Hessel-Hermiston,"Product 800",58.8104,2026-04-23
Hessel-Hermiston,"Product 800",85.2859,2026-04-20
"Torphy, Cruickshank and Kunze","Product 801",73.7840,2026-04-20
"Torphy, Cruickshank and Kunze","Product 801",76.0502,2026-04-20
Kautzer-Wintheiser,"Product 802",26.1322,2026-04-20
Kautzer-Wintheiser,"Product 802",73.1984,2026-04-20
Fadel-Jerde,"Product 803",20.9776,2026-04-20
Fadel-Jerde,"Product 803",20.9776,2026-04-20
Kautzer-Wintheiser,"Product 805",50.6622,2026-04-20
Kautzer-Wintheiser,"Product 805",50.6622,2026-04-20
"Zboncak, Bradtke and Hayes","Product 806",62.4664,2026-04-23
"Zboncak, Bradtke and Hayes","Product 806",93.4062,2026-04-20
"Zboncak, Bradtke and Hayes","Product 807",93.4324,2026-04-23
"Zboncak, Bradtke and Hayes","Product 807",93.4324,2026-04-23
"Leannon, Harber and Raynor","Product 808",24.8622,2026-04-20
"Leannon, Harber and Raynor","Product 808",91.2502,2026-04-20
"Beatty LLC","Product 809",19.8899,2026-04-20
"Beatty LLC","Product 809",81.8408,2026-04-23
Upton-Skiles,"Product 810",60.2652,2026-04-20
Upton-Skiles,"Product 810",83.8673,2026-04-23
"Botsford, Koepp and Miller","Product 811",1.5235,2026-04-23
"Botsford, Koepp and Miller","Product 811",43.2431,2026-04-20
"Konopelski PLC","Product 812",49.3416,2026-04-23
"Konopelski PLC","Product 812",49.3416,2026-04-23
"Lueilwitz and Sons","Product 813",44.0322,2026-04-20
"Lueilwitz and Sons","Product 813",96.1188,2026-04-20
"Carroll, Franecki and Block","Product 814",3.1272,2026-04-23
"Carroll, Franecki and Block","Product 814",49.9759,2026-04-20
"Turcotte, Daniel and Harber","Product 815",36.9069,2026-04-20
"Turcotte, Daniel and Harber","Product 815",36.9069,2026-04-20
"Zboncak, Bradtke and Hayes","Product 816",38.0335,2026-04-20
"Zboncak, Bradtke and Hayes","Product 816",95.9613,2026-04-20
Gottlieb-Hill,"Product 817",92.8531,2026-04-23
Gottlieb-Hill,"Product 817",92.8531,2026-04-23
Fadel-Jerde,"Product 818",8.8111,2026-04-23
Fadel-Jerde,"Product 818",83.4779,2026-04-20
"Turcotte, Daniel and Harber","Product 819",64.0172,2026-04-23
"Turcotte, Daniel and Harber","Product 819",64.0172,2026-04-23
"Rodriguez, Price and Wisozk","Product 820",44.3721,2026-04-20
"Rodriguez, Price and Wisozk","Product 820",55.6960,2026-04-20
"Leannon, Harber and Raynor","Product 821",43.6400,2026-04-20
"Leannon, Harber and Raynor","Product 821",43.6400,2026-04-20
"Beatty LLC","Product 822",72.6507,2026-04-20
"Beatty LLC","Product 822",72.6507,2026-04-20
"Schmidt, Wiegand and Grimes","Product 823",8.0678,2026-04-20
"Schmidt, Wiegand and Grimes","Product 823",37.1726,2026-04-23
"Jerde, Pfannerstill and Jast","Product 824",9.3693,2026-04-20
"Jerde, Pfannerstill and Jast","Product 824",84.1883,2026-04-20
"Cummerata Inc","Product 826",24.7811,2026-04-20
"Cummerata Inc","Product 826",24.7811,2026-04-20
"Wuckert LLC","Product 827",77.9118,2026-04-23
"Wuckert LLC","Product 827",78.5337,2026-04-20
"Hill, Nikolaus and Watsica","Product 828",38.6319,2026-04-20
"Hill, Nikolaus and Watsica","Product 828",80.9245,2026-04-20
"Jerde, Pfannerstill and Jast","Product 831",23.1281,2026-04-20
"Jerde, Pfannerstill and Jast","Product 831",34.9989,2026-04-20
"Carroll, Franecki and Block","Product 832",38.6497,2026-04-23
"Carroll, Franecki and Block","Product 832",38.6497,2026-04-23
"Wuckert LLC","Product 833",12.0281,2026-04-20
"Wuckert LLC","Product 833",12.0281,2026-04-20
Schowalter-McGlynn,"Product 838",39.2446,2026-04-20
Schowalter-McGlynn,"Product 838",67.5312,2026-04-23
Kuvalis-Labadie,"Product 839",52.7184,2026-04-23
Kuvalis-Labadie,"Product 839",52.7184,2026-04-23
"Collier, Hirthe and Maggio","Product 840",62.2835,2026-04-23
"Collier, Hirthe and Maggio","Product 840",74.2535,2026-04-20
"Torphy, Cruickshank and Kunze","Product 841",41.7658,2026-04-23
"Torphy, Cruickshank and Kunze","Product 841",41.7658,2026-04-23
"Hermann, Frami and Ledner","Product 842",40.4580,2026-04-20
"Hermann, Frami and Ledner","Product 842",68.1390,2026-04-20
"Zboncak, Bradtke and Hayes","Product 843",68.6761,2026-04-20
"Zboncak, Bradtke and Hayes","Product 843",84.2720,2026-04-23
"Friesen Group","Product 844",33.0236,2026-04-20
"Friesen Group","Product 844",66.2529,2026-04-20
"McClure, Kuhic and Rolfson","Product 845",48.6872,2026-04-23
"McClure, Kuhic and Rolfson","Product 845",48.6872,2026-04-23
"Kuphal, Mraz and Gusikowski","Product 846",43.8101,2026-04-20
"Kuphal, Mraz and Gusikowski","Product 846",43.8101,2026-04-20
"Ernser, Grady and Batz","Product 847",43.8118,2026-04-20
"Ernser, Grady and Batz","Product 847",98.1545,2026-04-20
Fadel-Jerde,"Product 848",10.5638,2026-04-23
Fadel-Jerde,"Product 848",64.7644,2026-04-20
"Vandervort, O'Keefe and West","Product 850",1.8274,2026-04-23
"Vandervort, O'Keefe and West","Product 850",42.4419,2026-04-20
"Zboncak, Bradtke and Hayes","Product 851",3.6019,2026-04-20
"Zboncak, Bradtke and Hayes","Product 851",31.4230,2026-04-20
"Beatty LLC","Product 852",16.1418,2026-04-20
"Beatty LLC","Product 852",89.6260,2026-04-20
"Abernathy, Lind and Fritsch","Product 853",9.4993,2026-04-20
"Abernathy, Lind and Fritsch","Product 853",80.0871,2026-04-23
"Schmidt, Wiegand and Grimes","Product 854",57.7107,2026-04-20
"Schmidt, Wiegand and Grimes","Product 854",69.9481,2026-04-23
"Rath Group","Product 857",49.1459,2026-04-23
"Rath Group","Product 857",49.1459,2026-04-23
"Mertz, Lowe and Abernathy","Product 858",34.5089,2026-04-20
"Mertz, Lowe and Abernathy","Product 858",37.5564,2026-04-20
"Cormier, Spinka and Mante","Product 859",67.7679,2026-04-20
"Cormier, Spinka and Mante","Product 859",67.7679,2026-04-20
"Gusikowski, Kohler and Kiehn","Product 861",31.2927,2026-04-23
"Gusikowski, Kohler and Kiehn","Product 861",31.2927,2026-04-23
"Corkery and Sons","Product 862",72.8798,2026-04-20
"Corkery and Sons","Product 862",93.3342,2026-04-20
"Collier, Hirthe and Maggio","Product 864",63.9704,2026-04-23
"Collier, Hirthe and Maggio","Product 864",63.9704,2026-04-23
Grady-Baumbach,"Product 865",24.9743,2026-04-20
Grady-Baumbach,"Product 865",75.2077,2026-04-23
"Gusikowski, Kohler and Kiehn","Product 867",36.8785,2026-04-23
"Gusikowski, Kohler and Kiehn","Product 867",99.8270,2026-04-20
Keebler-Nolan,"Product 869",45.1716,2026-04-23
Keebler-Nolan,"Product 869",45.1716,2026-04-23
"Ernser, Grady and Batz","Product 871",66.7539,2026-04-23
"Ernser, Grady and Batz","Product 871",66.7539,2026-04-23
"Rath Group","Product 872",27.4126,2026-04-20
"Rath Group","Product 872",56.2520,2026-04-23
Fadel-Jerde,"Product 873",29.6247,2026-04-23
Fadel-Jerde,"Product 873",42.1732,2026-04-20
Douglas-Lehner,"Product 874",13.0261,2026-04-20
Douglas-Lehner,"Product 874",96.6467,2026-04-20
"Friesen Group","Product 875",58.6853,2026-04-20
"Friesen Group","Product 875",64.5886,2026-04-23
"Kuphal, Mraz and Gusikowski","Product 876",2.9149,2026-04-20
"Kuphal, Mraz and Gusikowski","Product 876",93.7652,2026-04-23
"Konopelski PLC","Product 877",2.9760,2026-04-23
"Konopelski PLC","Product 877",81.0750,2026-04-20
"Gusikowski, Kohler and Kiehn","Product 878",29.9071,2026-04-23
"Gusikowski, Kohler and Kiehn","Product 878",31.8751,2026-04-20
"McClure, Kuhic and Rolfson","Product 879",57.0124,2026-04-23
"McClure, Kuhic and Rolfson","Product 879",67.4422,2026-04-20
"Cummerata Inc","Product 880",32.9825,2026-04-20
"Cummerata Inc","Product 880",74.6707,2026-04-20
"Hermann, Frami and Ledner","Product 883",9.3323,2026-04-23
"Hermann, Frami and Ledner","Product 883",55.0066,2026-04-20
"Zboncak, Bradtke and Hayes","Product 886",39.8799,2026-04-20
"Zboncak, Bradtke and Hayes","Product 886",57.2490,2026-04-20
"Toy, Kutch and Mraz","Product 887",10.2226,2026-04-23
"Toy, Kutch and Mraz","Product 887",54.0831,2026-04-20
"Rodriguez, Price and Wisozk","Product 888",34.8841,2026-04-20
"Rodriguez, Price and Wisozk","Product 888",94.1825,2026-04-23
"McClure, Kuhic and Rolfson","Product 889",7.4999,2026-04-23
"McClure, Kuhic and Rolfson","Product 889",94.0628,2026-04-20
Hessel-Hermiston,"Product 890",50.2645,2026-04-23
Hessel-Hermiston,"Product 890",98.8828,2026-04-20
"McDermott Group","Product 891",86.3340,2026-04-23
"McDermott Group","Product 891",86.3340,2026-04-23
"Lueilwitz and Sons","Product 892",17.0482,2026-04-23
"Lueilwitz and Sons","Product 892",17.0482,2026-04-23
Gottlieb-Hill,"Product 893",10.8331,2026-04-23
Gottlieb-Hill,"Product 893",10.8331,2026-04-23
"Abernathy, Lind and Fritsch","Product 894",77.8056,2026-04-20
"Abernathy, Lind and Fritsch","Product 894",91.7502,2026-04-23
"Leannon, Harber and Raynor","Product 895",62.6627,2026-04-23
"Leannon, Harber and Raynor","Product 895",65.8848,2026-04-20
"Carroll, Franecki and Block","Product 896",57.8200,2026-04-20
"Carroll, Franecki and Block","Product 896",57.8200,2026-04-20
"Leannon, Harber and Raynor","Product 897",32.8837,2026-04-23
"Leannon, Harber and Raynor","Product 897",42.4188,2026-04-20
"Zulauf, Wintheiser and Altenwerth","Product 898",20.7069,2026-04-23
"Zulauf, Wintheiser and Altenwerth","Product 898",20.7069,2026-04-23
"Gusikowski, Kohler and Kiehn","Product 899",19.3322,2026-04-20
"Gusikowski, Kohler and Kiehn","Product 899",25.2738,2026-04-23
"Hermann, Frami and Ledner","Product 900",12.9587,2026-04-20
"Hermann, Frami and Ledner","Product 900",37.9022,2026-04-23
Upton-Skiles,"Product 901",8.4100,2026-04-23
Upton-Skiles,"Product 901",59.9052,2026-04-20
"Vandervort, O'Keefe and West","Product 903",10.7997,2026-04-23
"Vandervort, O'Keefe and West","Product 903",13.3638,2026-04-20
Schowalter-McGlynn,"Product 904",46.8988,2026-04-23
Schowalter-McGlynn,"Product 904",46.8988,2026-04-23
"Zulauf, Wintheiser and Altenwerth","Product 905",31.8844,2026-04-23
"Zulauf, Wintheiser and Altenwerth","Product 905",31.8844,2026-04-23
Schowalter-McGlynn,"Product 906",38.2462,2026-04-20
Schowalter-McGlynn,"Product 906",96.8883,2026-04-20
"Zulauf, Wintheiser and Altenwerth","Product 908",4.7752,2026-04-23
"Zulauf, Wintheiser and Altenwerth","Product 908",75.1585,2026-04-20
"Jerde, Pfannerstill and Jast","Product 909",24.4825,2026-04-20
"Jerde, Pfannerstill and Jast","Product 909",24.4825,2026-04-20
Gottlieb-Hill,"Product 910",48.0376,2026-04-23
Gottlieb-Hill,"Product 910",53.2690,2026-04-20
"Schmidt, Wiegand and Grimes","Product 911",98.6019,2026-04-23
"Schmidt, Wiegand and Grimes","Product 911",98.6019,2026-04-23
"Friesen Group","Product 913",47.3247,2026-04-20
"Friesen Group","Product 913",73.9527,2026-04-20
"Mertz, Lowe and Abernathy","Product 914",63.2516,2026-04-20
"Mertz, Lowe and Abernathy","Product 914",87.5272,2026-04-23
Hessel-Hermiston,"Product 915",7.2893,2026-04-20
Hessel-Hermiston,"Product 915",68.0166,2026-04-23
"Abernathy, Lind and Fritsch","Product 916",38.3244,2026-04-20
"Abernathy, Lind and Fritsch","Product 916",50.6081,2026-04-20
"Leannon, Harber and Raynor","Product 917",9.3132,2026-04-20
"Leannon, Harber and Raynor","Product 917",69.3981,2026-04-20
"Kuphal, Mraz and Gusikowski","Product 918",31.1376,2026-04-23
"Kuphal, Mraz and Gusikowski","Product 918",35.3912,2026-04-20
"Rath Group","Product 919",14.5539,2026-04-23
"Rath Group","Product 919",75.1139,2026-04-20
"Zboncak, Bradtke and Hayes","Product 920",79.8709,2026-04-20
"Zboncak, Bradtke and Hayes","Product 920",79.8709,2026-04-20
Douglas-Lehner,"Product 921",23.1545,2026-04-20
Douglas-Lehner,"Product 921",23.1545,2026-04-20
Douglas-Lehner,"Product 922",10.4530,2026-04-23
Douglas-Lehner,"Product 922",50.1182,2026-04-20
"Wolff Ltd","Product 923",9.1429,2026-04-20
"Wolff Ltd","Product 923",69.7488,2026-04-23
"Kiehn, Rau and Hintz","Product 924",13.0323,2026-04-20
"Kiehn, Rau and Hintz","Product 924",13.0323,2026-04-20
Keebler-Nolan,"Product 925",28.6585,2026-04-20
Keebler-Nolan,"Product 925",71.5602,2026-04-23
Schowalter-McGlynn,"Product 926",83.8360,2026-04-20
Schowalter-McGlynn,"Product 926",96.7384,2026-04-20
Kautzer-Wintheiser,"Product 927",2.4135,2026-04-23
Kautzer-Wintheiser,"Product 927",51.8881,2026-04-20
Douglas-Lehner,"Product 928",21.7536,2026-04-20
Douglas-Lehner,"Product 928",21.7536,2026-04-20
"Cummerata Inc","Product 929",83.3638,2026-04-20
"Cummerata Inc","Product 929",83.3638,2026-04-20
"Hermann, Frami and Ledner","Product 930",72.8290,2026-04-23
"Hermann, Frami and Ledner","Product 930",85.7235,2026-04-20
"Rodriguez, Price and Wisozk","Product 931",35.7551,2026-04-20
"Rodriguez, Price and Wisozk","Product 931",86.8165,2026-04-20
"Kuphal, Mraz and Gusikowski","Product 932",33.8208,2026-04-20
"Kuphal, Mraz and Gusikowski","Product 932",49.1646,2026-04-23
"Vandervort, O'Keefe and West","Product 933",30.6327,2026-04-20
"Vandervort, O'Keefe and West","Product 933",89.6753,2026-04-20
"Howe and Sons","Product 934",21.3613,2026-04-20
"Howe and Sons","Product 934",78.2468,2026-04-23
Douglas-Lehner,"Product 936",30.9087,2026-04-23
Douglas-Lehner,"Product 936",30.9087,2026-04-23
"Collier, Hirthe and Maggio","Product 937",17.0310,2026-04-20
"Collier, Hirthe and Maggio","Product 937",27.8225,2026-04-20
"Kuphal, Mraz and Gusikowski","Product 938",48.4850,2026-04-20
"Kuphal, Mraz and Gusikowski","Product 938",78.2411,2026-04-20
"Konopelski PLC","Product 939",54.0404,2026-04-20
"Konopelski PLC","Product 939",70.2803,2026-04-20
"Collier, Hirthe and Maggio","Product 940",78.0417,2026-04-23
"Collier, Hirthe and Maggio","Product 940",78.0417,2026-04-23
"McClure, Kuhic and Rolfson","Product 941",6.5578,2026-04-23
"McClure, Kuhic and Rolfson","Product 941",26.8647,2026-04-20
Keebler-Nolan,"Product 942",29.8415,2026-04-20
Keebler-Nolan,"Product 942",82.0090,2026-04-20
"Wolff Ltd","Product 945",69.1431,2026-04-20
"Wolff Ltd","Product 945",69.1431,2026-04-20
"Beatty LLC","Product 946",53.5697,2026-04-20
"Beatty LLC","Product 946",53.5697,2026-04-20
"Lueilwitz and Sons","Product 947",15.8971,2026-04-20
"Lueilwitz and Sons","Product 947",79.1212,2026-04-20
"Jerde, Pfannerstill and Jast","Product 949",52.4048,2026-04-20
"Jerde, Pfannerstill and Jast","Product 949",93.9869,2026-04-23
"Corkery and Sons","Product 951",49.1862,2026-04-20
"Corkery and Sons","Product 951",68.3352,2026-04-20
"Lueilwitz and Sons","Product 952",24.3331,2026-04-20
"Lueilwitz and Sons","Product 952",24.3331,2026-04-20
Franecki-Nikolaus,"Product 953",11.9824,2026-04-20
Franecki-Nikolaus,"Product 953",61.2164,2026-04-20
"Jacobi Group","Product 955",35.2660,2026-04-20
"Jacobi Group","Product 955",36.5867,2026-04-20
"Vandervort, O'Keefe and West","Product 956",28.9572,2026-04-20
"Vandervort, O'Keefe and West","Product 956",49.9318,2026-04-20
Kautzer-Wintheiser,"Product 957",64.6886,2026-04-20
Kautzer-Wintheiser,"Product 957",64.6886,2026-04-20
"Zboncak, Bradtke and Hayes","Product 958",91.8059,2026-04-20
"Zboncak, Bradtke and Hayes","Product 958",91.8059,2026-04-20
"Lueilwitz and Sons","Product 959",89.0678,2026-04-23
"Lueilwitz and Sons","Product 959",89.0678,2026-04-23
"Collier, Hirthe and Maggio","Product 963",31.8587,2026-04-20
"Collier, Hirthe and Maggio","Product 963",38.9981,2026-04-20
"Abernathy, Lind and Fritsch","Product 964",8.5476,2026-04-23
"Abernathy, Lind and Fritsch","Product 964",35.3677,2026-04-20
"Gusikowski, Kohler and Kiehn","Product 965",37.1790,2026-04-20
"Gusikowski, Kohler and Kiehn","Product 965",37.1790,2026-04-20
"Zulauf, Wintheiser and Altenwerth","Product 966",19.7757,2026-04-20
"Zulauf, Wintheiser and Altenwerth","Product 966",44.5696,2026-04-20
"Rodriguez, Price and Wisozk","Product 968",54.3820,2026-04-23
"Rodriguez, Price and Wisozk","Product 968",54.3820,2026-04-23
Kautzer-Wintheiser,"Product 969",20.1801,2026-04-23
Kautzer-Wintheiser,"Product 969",20.1801,2026-04-23
"Rath Group","Product 970",61.3926,2026-04-23
"Rath Group","Product 970",61.3926,2026-04-23
"Beatty LLC","Product 971",1.4054,2026-04-20
"Beatty LLC","Product 971",41.0663,2026-04-23
"Jerde, Pfannerstill and Jast","Product 973",50.5791,2026-04-20
"Jerde, Pfannerstill and Jast","Product 973",50.5791,2026-04-20
Franecki-Nikolaus,"Product 974",32.1125,2026-04-23
Franecki-Nikolaus,"Product 974",49.2040,2026-04-20
"Abernathy, Lind and Fritsch","Product 975",96.0792,2026-04-23
"Abernathy, Lind and Fritsch","Product 975",96.0792,2026-04-23
"Zboncak, Bradtke and Hayes","Product 976",48.4462,2026-04-20
"Zboncak, Bradtke and Hayes","Product 976",48.4462,2026-04-20
"Torphy, Cruickshank and Kunze","Product 977",83.7329,2026-04-20
"Torphy, Cruickshank and Kunze","Product 977",83.7329,2026-04-20
Schowalter-McGlynn,"Product 979",32.6649,2026-04-23
Schowalter-McGlynn,"Product 979",32.6649,2026-04-23
"Rippin Group","Product 980",54.6105,2026-04-20
"Rippin Group","Product 980",86.2842,2026-04-23
"Schmidt, Wiegand and Grimes","Product 981",46.3773,2026-04-20
"Schmidt, Wiegand and Grimes","Product 981",84.1714,2026-04-20
"Mertz, Lowe and Abernathy","Product 982",59.1305,2026-04-20
"Mertz, Lowe and Abernathy","Product 982",83.5213,2026-04-20
"Zulauf, Wintheiser and Altenwerth","Product 983",3.8118,2026-04-20
"Zulauf, Wintheiser and Altenwerth","Product 983",56.6509,2026-04-23
"Torphy, Cruickshank and Kunze","Product 984",31.1897,2026-04-20
"Torphy, Cruickshank and Kunze","Product 984",31.1897,2026-04-20
"Wuckert LLC","Product 985",37.9734,2026-04-20
"Wuckert LLC","Product 985",85.9391,2026-04-23
"Jerde, Pfannerstill and Jast","Product 986",88.9491,2026-04-23
"Jerde, Pfannerstill and Jast","Product 986",88.9491,2026-04-23
Kautzer-Wintheiser,"Product 987",7.5595,2026-04-23
Kautzer-Wintheiser,"Product 987",7.5595,2026-04-23
"Kuphal, Mraz and Gusikowski","Product 989",7.9300,2026-04-20
"Kuphal, Mraz and Gusikowski","Product 989",74.3390,2026-04-20
"Hill, Nikolaus and Watsica","Product 990",7.4341,2026-04-20
"Hill, Nikolaus and Watsica","Product 990",73.2344,2026-04-20
"Abernathy, Lind and Fritsch","Product 991",52.1380,2026-04-23
"Abernathy, Lind and Fritsch","Product 991",52.1380,2026-04-23
"Hermann, Frami and Ledner","Product 992",24.6612,2026-04-20
"Hermann, Frami and Ledner","Product 992",27.0235,2026-04-20
"Carroll, Franecki and Block","Product 993",21.2933,2026-04-20
"Carroll, Franecki and Block","Product 993",21.2933,2026-04-20
"Metz Inc","Product 994",43.4237,2026-04-23
"Metz Inc","Product 994",44.4168,2026-04-20
"Abernathy, Lind and Fritsch","Product 996",77.0370,2026-04-23
"Abernathy, Lind and Fritsch","Product 996",82.1941,2026-04-20
Keebler-Nolan,"Product 997",8.2642,2026-04-20
Keebler-Nolan,"Product 997",65.5380,2026-04-20
"Ernser, Grady and Batz","Product 998",20.2947,2026-04-23
"Ernser, Grady and Batz","Product 998",79.9236,2026-04-20
Fadel-Jerde,"Product 999",99.5318,2026-04-20
Fadel-Jerde,"Product 999",99.5318,2026-04-20
"Wuckert LLC","Product 681",23.6651,2025-06-19
"Wuckert LLC","Product 681",23.6651,2025-06-19
"Jacobi Group","Product 866",,
"Jacobi Group","Product 866",,
Kuvalis-Labadie,"Product 496",,
Kuvalis-Labadie,"Product 496",,
"Cormier, Spinka and Mante","Product 276",85.6391,2025-03-23
"Cormier, Spinka and Mante","Product 276",85.6391,2025-03-23
"Rodriguez, Price and Wisozk","Product 577",84.2880,2025-08-10
"Rodriguez, Price and Wisozk","Product 577",84.2880,2025-08-10
Keebler-Nolan,"Product 550",84.2783,2025-09-27
Keebler-Nolan,"Product 550",84.2783,2025-09-27
"Collier, Hirthe and Maggio","Product 856",14.8745,2025-10-19
"Collier, Hirthe and Maggio","Product 856",14.8745,2025-10-19
"Zulauf, Wintheiser and Altenwerth","Product 151",54.0718,2025-06-11
"Zulauf, Wintheiser and Altenwerth","Product 151",54.0718,2025-06-11
"Konopelski PLC","Product 119",79.9269,2025-03-23
"Konopelski PLC","Product 119",79.9269,2025-03-23
"Zulauf, Wintheiser and Altenwerth","Product 437",22.2543,2025-07-03
"Zulauf, Wintheiser and Altenwerth","Product 437",22.2543,2025-07-03
"Rath Group","Product 549",10.3797,2025-06-20
"Rath Group","Product 549",10.3797,2025-06-20
Douglas-Lehner,"Product 836",27.3888,2025-11-27
Douglas-Lehner,"Product 836",27.3888,2025-11-27
"Kuphal, Mraz and Gusikowski","Product 20",18.8016,2025-11-07
"Kuphal, Mraz and Gusikowski","Product 20",18.8016,2025-11-07
Franecki-Nikolaus,"Product 25",74.9605,2025-02-18
Franecki-Nikolaus,"Product 25",74.9605,2025-02-18
"Torphy, Cruickshank and Kunze","Product 265",66.0756,2025-06-20
"Torphy, Cruickshank and Kunze","Product 265",66.0756,2025-06-20
"Zulauf, Wintheiser and Altenwerth","Product 168",,
"Zulauf, Wintheiser and Altenwerth","Product 168",,
"Hermann, Frami and Ledner","Product 786",33.5829,2025-07-28
"Hermann, Frami and Ledner","Product 786",33.5829,2025-07-28
Keebler-Nolan,"Product 825",,
Keebler-Nolan,"Product 825",,
Hessel-Hermiston,"Product 335",20.9060,2025-10-08
Hessel-Hermiston,"Product 335",20.9060,2025-10-08
"Friesen Group","Product 706",,
"Friesen Group","Product 706",,
"Metz Inc","Product 252",88.9859,2025-09-28
"Metz Inc","Product 252",88.9859,2025-09-28
"Vandervort, O'Keefe and West","Product 537",75.5911,2025-11-24
"Vandervort, O'Keefe and West","Product 537",75.5911,2025-11-24
"Mertz, Lowe and Abernathy","Product 882",,
"Mertz, Lowe and Abernathy","Product 882",,
"Jacobi Group","Product 834",53.0456,2025-02-25
"Jacobi Group","Product 834",53.0456,2025-02-25
"Zulauf, Wintheiser and Altenwerth","Product 131",41.6211,2025-07-20
"Zulauf, Wintheiser and Altenwerth","Product 131",41.6211,2025-07-20
"Mertz, Lowe and Abernathy","Product 241",,
"Mertz, Lowe and Abernathy","Product 241",,
Kuvalis-Labadie,"Product 33",,
Kuvalis-Labadie,"Product 33",,
"Howe and Sons","Product 109",81.8261,2025-06-28
"Howe and Sons","Product 109",81.8261,2025-06-28
"Zulauf, Wintheiser and Altenwerth","Product 57",93.6805,2025-12-22
"Zulauf, Wintheiser and Altenwerth","Product 57",93.6805,2025-12-22
"Wuckert LLC","Product 288",50.6162,2025-11-13
"Wuckert LLC","Product 288",50.6162,2025-11-13
"Hermann, Frami and Ledner","Product 31",58.5472,2025-12-28
"Hermann, Frami and Ledner","Product 31",58.5472,2025-12-28
Upton-Skiles,"Product 738",55.7519,2025-02-06
Upton-Skiles,"Product 738",55.7519,2025-02-06
"Zulauf, Wintheiser and Altenwerth","Product 524",71.6120,2025-10-21
"Zulauf, Wintheiser and Altenwerth","Product 524",71.6120,2025-10-21
"Gusikowski, Kohler and Kiehn","Product 428",,
"Gusikowski, Kohler and Kiehn","Product 428",,
"Abernathy, Lind and Fritsch","Product 321",23.2741,2025-04-26
"Abernathy, Lind and Fritsch","Product 321",23.2741,2025-04-26
"Rodriguez, Price and Wisozk","Product 995",34.6456,2025-10-16
"Rodriguez, Price and Wisozk","Product 995",34.6456,2025-10-16
"Toy, Kutch and Mraz","Product 478",95.4127,2025-03-03
"Toy, Kutch and Mraz","Product 478",95.4127,2025-03-03
"Carroll, Franecki and Block","Product 777",1.2506,2025-08-04
"Carroll, Franecki and Block","Product 777",1.2506,2025-08-04
Hessel-Hermiston,"Product 533",86.7774,2025-03-20
Hessel-Hermiston,"Product 533",86.7774,2025-03-20
Grady-Baumbach,"Product 796",,
Grady-Baumbach,"Product 796",,
"Carroll, Franecki and Block","Product 297",,
"Carroll, Franecki and Block","Product 297",,
"Gusikowski, Kohler and Kiehn","Product 419",8.5683,2025-07-06
"Gusikowski, Kohler and Kiehn","Product 419",8.5683,2025-07-06
"Howe and Sons","Product 473",,
"Howe and Sons","Product 473",,
"Schmidt, Wiegand and Grimes","Product 1000",,
"Schmidt, Wiegand and Grimes","Product 1000",,
Schowalter-McGlynn,"Product 595",,
Schowalter-McGlynn,"Product 595",,
"Hermann, Frami and Ledner","Product 412",11.3598,2025-06-09
"Hermann, Frami and Ledner","Product 412",11.3598,2025-06-09
Kuvalis-Labadie,"Product 46",,
Kuvalis-Labadie,"Product 46",,
"Konopelski PLC","Product 361",59.6194,2025-05-26
"Konopelski PLC","Product 361",59.6194,2025-05-26
"Botsford, Koepp and Miller","Product 125",4.2503,2025-11-06
"Botsford, Koepp and Miller","Product 125",4.2503,2025-11-06
"Zboncak, Bradtke and Hayes","Product 77",46.3944,2025-10-01
"Zboncak, Bradtke and Hayes","Product 77",46.3944,2025-10-01
"Kiehn, Rau and Hintz","Product 153",89.1263,2025-11-15
"Kiehn, Rau and Hintz","Product 153",89.1263,2025-11-15
"Jacobi Group","Product 631",,
"Jacobi Group","Product 631",,
"McClure, Kuhic and Rolfson","Product 40",,
"McClure, Kuhic and Rolfson","Product 40",,
Douglas-Lehner,"Product 885",67.8553,2025-12-14
Douglas-Lehner,"Product 885",67.8553,2025-12-14
"Leannon, Harber and Raynor","Product 868",87.9796,2025-03-07
"Leannon, Harber and Raynor","Product 868",87.9796,2025-03-07
"Mertz, Lowe and Abernathy","Product 333",,
"Mertz, Lowe and Abernathy","Product 333",,
"Schmidt, Wiegand and Grimes","Product 189",,
"Schmidt, Wiegand and Grimes","Product 189",,
"Vandervort, O'Keefe and West","Product 712",65.0605,2025-09-02
"Vandervort, O'Keefe and West","Product 712",65.0605,2025-09-02
"Wuckert LLC","Product 596",13.9485,2025-12-01
"Wuckert LLC","Product 596",13.9485,2025-12-01
"Abernathy, Lind and Fritsch","Product 556",,
"Abernathy, Lind and Fritsch","Product 556",,
Kautzer-Wintheiser,"Product 723",45.1604,2025-04-16
Kautzer-Wintheiser,"Product 723",45.1604,2025-04-16
"Jerde, Pfannerstill and Jast","Product 515",,
"Jerde, Pfannerstill and Jast","Product 515",,
"Konopelski PLC","Product 737",,
"Konopelski PLC","Product 737",,
"Greenfelder, Leffler and Greenfelder","Product 540",45.7602,2025-07-13
"Greenfelder, Leffler and Greenfelder","Product 540",45.7602,2025-07-13
"Konopelski PLC","Product 365",,
"Konopelski PLC","Product 365",,
"McDermott Group","Product 165",,
"McDermott Group","Product 165",,
"Metz Inc","Product 837",54.7478,2025-06-04
"Metz Inc","Product 837",54.7478,2025-06-04
"Zulauf, Wintheiser and Altenwerth","Product 690",89.4804,2025-07-22
"Zulauf, Wintheiser and Altenwerth","Product 690",89.4804,2025-07-22
"Jerde, Pfannerstill and Jast","Product 863",,
"Jerde, Pfannerstill and Jast","Product 863",,
"Howe and Sons","Product 954",,
"Howe and Sons","Product 954",,
"Zulauf, Wintheiser and Altenwerth","Product 935",19.9520,2025-02-19
"Zulauf, Wintheiser and Altenwerth","Product 935",19.9520,2025-02-19
"Ernser, Grady and Batz","Product 221",,
"Ernser, Grady and Batz","Product 221",,
Keebler-Nolan,"Product 317",71.8195,2025-01-27
Keebler-Nolan,"Product 317",71.8195,2025-01-27
"Hermann, Frami and Ledner","Product 164",22.0893,2025-09-24
"Hermann, Frami and Ledner","Product 164",22.0893,2025-09-24
"Jerde, Pfannerstill and Jast","Product 278",26.2222,2025-03-25
"Jerde, Pfannerstill and Jast","Product 278",26.2222,2025-03-25
"Rodriguez, Price and Wisozk","Product 279",34.3488,2025-10-27
"Rodriguez, Price and Wisozk","Product 279",34.3488,2025-10-27
"Rath Group","Product 443",,
"Rath Group","Product 443",,
"Toy, Kutch and Mraz","Product 804",19.1680,2025-02-07
"Toy, Kutch and Mraz","Product 804",19.1680,2025-02-07
"Botsford, Koepp and Miller","Product 172",16.8251,2025-05-02
"Botsford, Koepp and Miller","Product 172",16.8251,2025-05-02
"Friesen Group","Product 494",17.3913,2025-07-06
"Friesen Group","Product 494",17.3913,2025-07-06
"Torphy, Cruickshank and Kunze","Product 68",30.1942,2025-12-26
"Torphy, Cruickshank and Kunze","Product 68",30.1942,2025-12-26
Kuvalis-Labadie,"Product 535",50.7303,2025-05-15
Kuvalis-Labadie,"Product 535",50.7303,2025-05-15
O'Reilly-Johnston,"Product 456",50.1839,2025-03-22
O'Reilly-Johnston,"Product 456",50.1839,2025-03-22
"Torphy, Cruickshank and Kunze","Product 38",14.5159,2025-12-05
"Torphy, Cruickshank and Kunze","Product 38",14.5159,2025-12-05
"Mertz, Lowe and Abernathy","Product 300",,
"Mertz, Lowe and Abernathy","Product 300",,
"Carroll, Franecki and Block","Product 202",58.4690,2025-12-07
"Carroll, Franecki and Block","Product 202",58.4690,2025-12-07
O'Reilly-Johnston,"Product 725",66.2813,2025-10-08
O'Reilly-Johnston,"Product 725",66.2813,2025-10-08
"Abernathy, Lind and Fritsch","Product 483",,
"Abernathy, Lind and Fritsch","Product 483",,
"Hermann, Frami and Ledner","Product 881",31.0620,2025-08-25
"Hermann, Frami and Ledner","Product 881",31.0620,2025-08-25
"Friesen Group","Product 318",,
"Friesen Group","Product 318",,
"Hermann, Frami and Ledner","Product 855",,
"Hermann, Frami and Ledner","Product 855",,
"Lueilwitz and Sons","Product 175",72.2907,2025-11-25
"Lueilwitz and Sons","Product 175",72.2907,2025-11-25
"Lueilwitz and Sons","Product 99",13.6976,2025-06-21
"Lueilwitz and Sons","Product 99",13.6976,2025-06-21
"Collier, Hirthe and Maggio","Product 48",31.1061,2025-08-21
"Collier, Hirthe and Maggio","Product 48",31.1061,2025-08-21
"Kuphal, Mraz and Gusikowski","Product 967",,
"Kuphal, Mraz and Gusikowski","Product 967",,
"Cummerata Inc","Product 94",,
"Cummerata Inc","Product 94",,
"Jerde, Pfannerstill and Jast","Product 162",63.6597,2025-09-14
"Jerde, Pfannerstill and Jast","Product 162",63.6597,2025-09-14
"Wuckert LLC","Product 356",,
"Wuckert LLC","Product 356",,
"Carroll, Franecki and Block","Product 62",79.4602,2025-06-22
"Carroll, Franecki and Block","Product 62",79.4602,2025-06-22
Keebler-Nolan,"Product 329",,
Keebler-Nolan,"Product 329",,
Kuvalis-Labadie,"Product 988",33.2579,2025-03-19
Kuvalis-Labadie,"Product 988",33.2579,2025-03-19
"Corkery and Sons","Product 553",97.8522,2025-09-04
"Corkery and Sons","Product 553",97.8522,2025-09-04
"McDermott Group","Product 795",42.7139,2025-02-19
"McDermott Group","Product 795",42.7139,2025-02-19
Upton-Skiles,"Product 632",88.4789,2025-02-16
Upton-Skiles,"Product 632",88.4789,2025-02-16
"Kiehn, Rau and Hintz","Product 950",99.9063,2025-06-11
"Kiehn, Rau and Hintz","Product 950",99.9063,2025-06-11
Schowalter-McGlynn,"Product 587",43.3574,2025-11-16
Schowalter-McGlynn,"Product 587",43.3574,2025-11-16
"Wolff Ltd","Product 961",88.0814,2025-01-13
"Wolff Ltd","Product 961",88.0814,2025-01-13
Kuvalis-Labadie,"Product 767",,
Kuvalis-Labadie,"Product 767",,
"Collier, Hirthe and Maggio","Product 156",54.1113,2025-07-21
"Collier, Hirthe and Maggio","Product 156",54.1113,2025-07-21
"Ernser, Grady and Batz","Product 386",25.1535,2025-04-16
"Ernser, Grady and Batz","Product 386",25.1535,2025-04-16
"Jerde, Pfannerstill and Jast","Product 511",,
"Jerde, Pfannerstill and Jast","Product 511",,
"Cummerata Inc","Product 835",,
"Cummerata Inc","Product 835",,
Gottlieb-Hill,"Product 316",37.8702,2025-08-08
Gottlieb-Hill,"Product 316",37.8702,2025-08-08
O'Reilly-Johnston,"Product 369",29.5491,2025-12-22
O'Reilly-Johnston,"Product 369",29.5491,2025-12-22
"Ernser, Grady and Batz","Product 788",66.6921,2025-12-19
"Ernser, Grady and Batz","Product 788",66.6921,2025-12-19
"Carroll, Franecki and Block","Product 457",,
"Carroll, Franecki and Block","Product 457",,
Franecki-Nikolaus,"Product 849",3.2001,2025-04-03
Franecki-Nikolaus,"Product 849",3.2001,2025-04-03
"Mertz, Lowe and Abernathy","Product 764",75.4150,2025-10-26
"Mertz, Lowe and Abernathy","Product 764",75.4150,2025-10-26
"McDermott Group","Product 352",55.0918,2025-11-06
"McDermott Group","Product 352",55.0918,2025-11-06
"Rodriguez, Price and Wisozk","Product 395",21.7008,2025-07-18
"Rodriguez, Price and Wisozk","Product 395",21.7008,2025-07-18
"Torphy, Cruickshank and Kunze","Product 441",75.3909,2025-11-12
"Torphy, Cruickshank and Kunze","Product 441",75.3909,2025-11-12
Grady-Baumbach,"Product 385",60.8103,2025-11-25
Grady-Baumbach,"Product 385",60.8103,2025-11-25
Grady-Baumbach,"Product 219",39.5692,2025-04-11
Grady-Baumbach,"Product 219",39.5692,2025-04-11
"Carroll, Franecki and Block","Product 273",93.6811,2025-09-08
"Carroll, Franecki and Block","Product 273",93.6811,2025-09-08
"Rath Group","Product 870",30.7820,2025-09-14
"Rath Group","Product 870",30.7820,2025-09-14
"Howe and Sons","Product 79",6.1889,2025-05-13
"Howe and Sons","Product 79",6.1889,2025-05-13
"Corkery and Sons","Product 450",78.6018,2025-05-08
"Corkery and Sons","Product 450",78.6018,2025-05-08
"Zboncak, Bradtke and Hayes","Product 90",,
"Zboncak, Bradtke and Hayes","Product 90",,
"Beatty LLC","Product 481",68.6498,2025-02-07
"Beatty LLC","Product 481",68.6498,2025-02-07
Douglas-Lehner,"Product 192",,
Douglas-Lehner,"Product 192",,
"Collier, Hirthe and Maggio","Product 338",,
"Collier, Hirthe and Maggio","Product 338",,
Upton-Skiles,"Product 794",6.3937,2025-12-07
Upton-Skiles,"Product 794",6.3937,2025-12-07
"Abernathy, Lind and Fritsch","Product 394",,
"Abernathy, Lind and Fritsch","Product 394",,
"Jerde, Pfannerstill and Jast","Product 387",75.5128,2025-02-08
"Jerde, Pfannerstill and Jast","Product 387",75.5128,2025-02-08
Kautzer-Wintheiser,"Product 84",78.7848,2025-06-07
Kautzer-Wintheiser,"Product 84",78.7848,2025-06-07
"Leannon, Harber and Raynor","Product 354",19.7501,2025-10-04
"Leannon, Harber and Raynor","Product 354",19.7501,2025-10-04
"McDermott Group","Product 267",79.9987,2025-05-24
"McDermott Group","Product 267",79.9987,2025-05-24
Kuvalis-Labadie,"Product 713",57.6562,2025-07-01
Kuvalis-Labadie,"Product 713",57.6562,2025-07-01
"Zboncak, Bradtke and Hayes","Product 830",,
"Zboncak, Bradtke and Hayes","Product 830",,
"Abernathy, Lind and Fritsch","Product 16",72.3278,2025-05-16
"Abernathy, Lind and Fritsch","Product 16",72.3278,2025-05-16
"Torphy, Cruickshank and Kunze","Product 680",84.5465,2025-01-18
"Torphy, Cruickshank and Kunze","Product 680",84.5465,2025-01-18
"Rodriguez, Price and Wisozk","Product 574",,
"Rodriguez, Price and Wisozk","Product 574",,
"Konopelski PLC","Product 663",41.4240,2025-05-06
"Konopelski PLC","Product 663",41.4240,2025-05-06
Schowalter-McGlynn,"Product 525",,
Schowalter-McGlynn,"Product 525",,
"Metz Inc","Product 208",,
"Metz Inc","Product 208",,
Kuvalis-Labadie,"Product 322",45.3377,2025-09-26
Kuvalis-Labadie,"Product 322",45.3377,2025-09-26
Hessel-Hermiston,"Product 4",89.9009,2025-10-10
Hessel-Hermiston,"Product 4",89.9009,2025-10-10
"Torphy, Cruickshank and Kunze","Product 948",,
"Torphy, Cruickshank and Kunze","Product 948",,
"Vandervort, O'Keefe and West","Product 92",,
"Vandervort, O'Keefe and West","Product 92",,
"Wuckert LLC","Product 23",,
"Wuckert LLC","Product 23",,
"Lueilwitz and Sons","Product 960",70.8620,2025-08-18
"Lueilwitz and Sons","Product 960",70.8620,2025-08-18
"Jerde, Pfannerstill and Jast","Product 793",91.8257,2025-09-19
"Jerde, Pfannerstill and Jast","Product 793",91.8257,2025-09-19
"Friesen Group","Product 768",15.0274,2025-09-09
"Friesen Group","Product 768",15.0274,2025-09-09
"Rippin Group","Product 860",76.2018,2025-07-03
"Rippin Group","Product 860",76.2018,2025-07-03
Kautzer-Wintheiser,"Product 978",45.3863,2025-10-12
Kautzer-Wintheiser,"Product 978",45.3863,2025-10-12
O'Reilly-Johnston,"Product 912",72.4045,2025-09-14
O'Reilly-Johnston,"Product 912",72.4045,2025-09-14
"Lueilwitz and Sons","Product 829",,
"Lueilwitz and Sons","Product 829",,
"Ernser, Grady and Batz","Product 495",,
"Ernser, Grady and Batz","Product 495",,
Hessel-Hermiston,"Product 327",40.0249,2025-08-12
Hessel-Hermiston,"Product 327",40.0249,2025-08-12
"Cummerata Inc","Product 415",64.0917,2025-05-21
"Cummerata Inc","Product 415",64.0917,2025-05-21
O'Reilly-Johnston,"Product 731",,
O'Reilly-Johnston,"Product 731",,
"Wuckert LLC","Product 797",,
"Wuckert LLC","Product 797",,
"Turcotte, Daniel and Harber","Product 87",,
"Turcotte, Daniel and Harber","Product 87",,
"Collier, Hirthe and Maggio","Product 884",1.9946,2025-12-10
"Collier, Hirthe and Maggio","Product 884",1.9946,2025-12-10
"Vandervort, O'Keefe and West","Product 776",12.0657,2025-10-19
"Vandervort, O'Keefe and West","Product 776",12.0657,2025-10-19
"Jacobi Group","Product 902",,
"Jacobi Group","Product 902",,
"McDermott Group","Product 944",46.4306,2025-12-20
"McDermott Group","Product 944",46.4306,2025-12-20
O'Reilly-Johnston,"Product 716",24.5226,2025-07-16
O'Reilly-Johnston,"Product 716",24.5226,2025-07-16
"Hill, Nikolaus and Watsica","Product 503",,
"Hill, Nikolaus and Watsica","Product 503",,
O'Reilly-Johnston,"Product 173",28.2143,2025-10-15
O'Reilly-Johnston,"Product 173",28.2143,2025-10-15
"Wolff Ltd","Product 907",72.7306,2025-01-26
"Wolff Ltd","Product 907",72.7306,2025-01-26
"Abernathy, Lind and Fritsch","Product 527",,
"Abernathy, Lind and Fritsch","Product 527",,
Fadel-Jerde,"Product 972",87.5229,2025-09-03
Fadel-Jerde,"Product 972",87.5229,2025-09-03
Grady-Baumbach,"Product 308",,
Grady-Baumbach,"Product 308",,
"Torphy, Cruickshank and Kunze","Product 943",9.9126,2025-02-10
"Torphy, Cruickshank and Kunze","Product 943",9.9126,2025-02-10
Fadel-Jerde,"Product 798",33.9961,2025-01-20
Fadel-Jerde,"Product 798",33.9961,2025-01-20
Grady-Baumbach,"Product 9",96.7624,2025-08-24
Grady-Baumbach,"Product 9",96.7624,2025-08-24
"Schmidt, Wiegand and Grimes","Product 445",87.3517,2025-08-05
"Schmidt, Wiegand and Grimes","Product 445",87.3517,2025-08-05
"Rath Group","Product 260",52.9252,2025-10-17
"Rath Group","Product 260",52.9252,2025-10-17
"Corkery and Sons","Product 548",,
"Corkery and Sons","Product 548",,
"Friesen Group","Product 962",,
"Friesen Group","Product 962",,
"Corkery and Sons","Product 144",48.6678,2025-10-25
"Corkery and Sons","Product 144",48.6678,2025-10-25
"Gusikowski, Kohler and Kiehn","Product 453",,
"Gusikowski, Kohler and Kiehn","Product 453",,
Fadel-Jerde,"Product 7",15.0219,2025-02-13
Fadel-Jerde,"Product 7",15.0219,2025-02-13
